ISO-10303-21;
HEADER;
FILE_DESCRIPTION(('zoo.dev export'), '2;1');
FILE_NAME('output.step', '2026-09-02T12:49:20.577949430+00:00', (''), (''), 'zoo.dev beta', 'zoo.dev', '');
FILE_SCHEMA(('AP242_MANAGED_MODEL_BASED_3D_ENGINEERING_MIM_LF'));
ENDSEC;
DATA;
#1 = (
  LENGTH_UNIT()
  NAMED_UNIT(*)
  SI_UNIT(.MILLI., .METRE.)
);
#2 = (
  NAMED_UNIT(*)
  PLANE_ANGLE_UNIT()
  SI_UNIT($, .RADIAN.)
);
#3 = UNCERTAINTY_MEASURE_WITH_UNIT(LENGTH_MEASURE(0.01), #1, 'DISTANCE_ACCURACY_VALUE', $);
#4 = (
  GEOMETRIC_REPRESENTATION_CONTEXT(3)
  GLOBAL_UNCERTAINTY_ASSIGNED_CONTEXT((#3))
  GLOBAL_UNIT_ASSIGNED_CONTEXT((#1, #2))
  REPRESENTATION_CONTEXT('3D', '3D context')
);
#5 = CARTESIAN_POINT('', (101.00000001, -0.00000001, 0.));
#6 = VERTEX_POINT('', #5);
#7 = CARTESIAN_POINT('', (101.00000001, 70.99999998, 0.));
#8 = VERTEX_POINT('', #7);
#9 = CARTESIAN_POINT('', (101.00000001, 70.99999998, 16.));
#10 = VERTEX_POINT('', #9);
#11 = CARTESIAN_POINT('', (101.00000001, -0.00000001, 16.));
#12 = VERTEX_POINT('', #11);
#13 = CARTESIAN_POINT('', (0., 70.99999998, 0.));
#14 = VERTEX_POINT('', #13);
#15 = CARTESIAN_POINT('', (0., 70.99999998, 16.));
#16 = VERTEX_POINT('', #15);
#17 = CARTESIAN_POINT('', (0., -0., 0.));
#18 = VERTEX_POINT('', #17);
#19 = CARTESIAN_POINT('', (0., -0., 16.));
#20 = VERTEX_POINT('', #19);
#21 = CARTESIAN_POINT('', (98.60000001, 2.39999999, 2.));
#22 = VERTEX_POINT('', #21);
#23 = CARTESIAN_POINT('', (98.60000001, 68.59999998, 2.));
#24 = VERTEX_POINT('', #23);
#25 = CARTESIAN_POINT('', (2.4, 68.59999998, 2.));
#26 = VERTEX_POINT('', #25);
#27 = CARTESIAN_POINT('', (2.4, 2.4, 2.));
#28 = VERTEX_POINT('', #27);
#29 = CARTESIAN_POINT('', (98.60000001, 2.39999999, 16.));
#30 = VERTEX_POINT('', #29);
#31 = CARTESIAN_POINT('', (98.60000001, 68.59999998, 16.));
#32 = VERTEX_POINT('', #31);
#33 = CARTESIAN_POINT('', (2.4, 68.59999998, 16.));
#34 = VERTEX_POINT('', #33);
#35 = CARTESIAN_POINT('', (2.4, 2.4, 16.));
#36 = VERTEX_POINT('', #35);
#37 = CARTESIAN_POINT('', (57.50000001, 71., 4.));
#38 = VERTEX_POINT('', #37);
#39 = CARTESIAN_POINT('', (57.50000001, 71., 11.));
#40 = VERTEX_POINT('', #39);
#41 = CARTESIAN_POINT('', (43.50000001, 71., 11.));
#42 = VERTEX_POINT('', #41);
#43 = CARTESIAN_POINT('', (43.5, 71., 4.));
#44 = VERTEX_POINT('', #43);
#45 = CARTESIAN_POINT('', (57.50000001, 68.59999998, 11.));
#46 = VERTEX_POINT('', #45);
#47 = CARTESIAN_POINT('', (57.50000001, 68.59999998, 4.));
#48 = VERTEX_POINT('', #47);
#49 = CARTESIAN_POINT('', (43.50000001, 68.59999998, 11.));
#50 = VERTEX_POINT('', #49);
#51 = CARTESIAN_POINT('', (43.5, 68.59999998, 4.));
#52 = VERTEX_POINT('', #51);
#53 = CARTESIAN_POINT('', (11., 7., 8.));
#54 = VERTEX_POINT('', #53);
#55 = CARTESIAN_POINT('', (3., 7., 8.));
#56 = VERTEX_POINT('', #55);
#57 = CARTESIAN_POINT('', (11., 7., 2.));
#58 = VERTEX_POINT('', #57);
#59 = CARTESIAN_POINT('', (3., 7., 2.));
#60 = VERTEX_POINT('', #59);
#61 = CARTESIAN_POINT('', (7.00000002, 3., 2.));
#62 = VERTEX_POINT('', #61);
#63 = CARTESIAN_POINT('', (6.99999997, 11., 2.));
#64 = VERTEX_POINT('', #63);
#65 = CARTESIAN_POINT('', (98.00000001, 7., 8.));
#66 = VERTEX_POINT('', #65);
#67 = CARTESIAN_POINT('', (90., 7., 8.));
#68 = VERTEX_POINT('', #67);
#69 = CARTESIAN_POINT('', (98.00000001, 7., 2.));
#70 = VERTEX_POINT('', #69);
#71 = CARTESIAN_POINT('', (90., 7., 2.));
#72 = VERTEX_POINT('', #71);
#73 = CARTESIAN_POINT('', (94.00000003, 3., 2.));
#74 = VERTEX_POINT('', #73);
#75 = CARTESIAN_POINT('', (93.99999998, 11., 2.));
#76 = VERTEX_POINT('', #75);
#77 = CARTESIAN_POINT('', (98.00000001, 64., 8.));
#78 = VERTEX_POINT('', #77);
#79 = CARTESIAN_POINT('', (90., 64., 8.));
#80 = VERTEX_POINT('', #79);
#81 = CARTESIAN_POINT('', (98.00000001, 64., 2.));
#82 = VERTEX_POINT('', #81);
#83 = CARTESIAN_POINT('', (90., 64., 2.));
#84 = VERTEX_POINT('', #83);
#85 = CARTESIAN_POINT('', (94.00000003, 60., 2.));
#86 = VERTEX_POINT('', #85);
#87 = CARTESIAN_POINT('', (93.99999998, 68., 2.));
#88 = VERTEX_POINT('', #87);
#89 = CARTESIAN_POINT('', (11., 64., 8.));
#90 = VERTEX_POINT('', #89);
#91 = CARTESIAN_POINT('', (3., 64., 8.));
#92 = VERTEX_POINT('', #91);
#93 = CARTESIAN_POINT('', (11., 64., 2.));
#94 = VERTEX_POINT('', #93);
#95 = CARTESIAN_POINT('', (3., 64., 2.));
#96 = VERTEX_POINT('', #95);
#97 = CARTESIAN_POINT('', (7.00000002, 60., 2.));
#98 = VERTEX_POINT('', #97);
#99 = CARTESIAN_POINT('', (6.99999998, 68., 2.));
#100 = VERTEX_POINT('', #99);
#101 = CARTESIAN_POINT('', (8.6, 7., 1.5));
#102 = VERTEX_POINT('', #101);
#103 = CARTESIAN_POINT('', (5.4, 7., 1.5));
#104 = VERTEX_POINT('', #103);
#105 = CARTESIAN_POINT('', (8.6, 7., 8.));
#106 = VERTEX_POINT('', #105);
#107 = CARTESIAN_POINT('', (5.4, 7., 8.));
#108 = VERTEX_POINT('', #107);
#109 = CARTESIAN_POINT('', (7., 5.4, 8.));
#110 = VERTEX_POINT('', #109);
#111 = CARTESIAN_POINT('', (7., 8.6, 8.));
#112 = VERTEX_POINT('', #111);
#113 = CARTESIAN_POINT('', (95.60000001, 7., 1.5));
#114 = VERTEX_POINT('', #113);
#115 = CARTESIAN_POINT('', (92.4, 7., 1.5));
#116 = VERTEX_POINT('', #115);
#117 = CARTESIAN_POINT('', (95.60000001, 7., 8.));
#118 = VERTEX_POINT('', #117);
#119 = CARTESIAN_POINT('', (92.4, 7., 8.));
#120 = VERTEX_POINT('', #119);
#121 = CARTESIAN_POINT('', (94., 5.4, 8.));
#122 = VERTEX_POINT('', #121);
#123 = CARTESIAN_POINT('', (94.00000001, 8.6, 8.));
#124 = VERTEX_POINT('', #123);
#125 = CARTESIAN_POINT('', (95.60000001, 64., 1.5));
#126 = VERTEX_POINT('', #125);
#127 = CARTESIAN_POINT('', (92.4, 64., 1.5));
#128 = VERTEX_POINT('', #127);
#129 = CARTESIAN_POINT('', (95.60000001, 64., 8.));
#130 = VERTEX_POINT('', #129);
#131 = CARTESIAN_POINT('', (92.4, 64., 8.));
#132 = VERTEX_POINT('', #131);
#133 = CARTESIAN_POINT('', (94., 62.4, 8.));
#134 = VERTEX_POINT('', #133);
#135 = CARTESIAN_POINT('', (94.00000001, 65.6, 8.));
#136 = VERTEX_POINT('', #135);
#137 = CARTESIAN_POINT('', (8.6, 64., 1.5));
#138 = VERTEX_POINT('', #137);
#139 = CARTESIAN_POINT('', (5.4, 64., 1.5));
#140 = VERTEX_POINT('', #139);
#141 = CARTESIAN_POINT('', (8.6, 64., 8.));
#142 = VERTEX_POINT('', #141);
#143 = CARTESIAN_POINT('', (5.4, 64., 8.));
#144 = VERTEX_POINT('', #143);
#145 = CARTESIAN_POINT('', (7., 62.4, 8.));
#146 = VERTEX_POINT('', #145);
#147 = CARTESIAN_POINT('', (7., 65.6, 8.));
#148 = VERTEX_POINT('', #147);
#149 = CARTESIAN_POINT('', (6.4, 35.5, 1.5));
#150 = VERTEX_POINT('', #149);
#151 = CARTESIAN_POINT('', (3.6, 35.5, 1.5));
#152 = VERTEX_POINT('', #151);
#153 = CARTESIAN_POINT('', (97.4, 35.5, 1.5));
#154 = VERTEX_POINT('', #153);
#155 = CARTESIAN_POINT('', (94.6, 35.5, 1.5));
#156 = VERTEX_POINT('', #155);
#157 = CARTESIAN_POINT('', (6.4, 35.5, 2.));
#158 = VERTEX_POINT('', #157);
#159 = CARTESIAN_POINT('', (3.6, 35.5, 2.));
#160 = VERTEX_POINT('', #159);
#161 = CARTESIAN_POINT('', (97.4, 35.5, 2.));
#162 = VERTEX_POINT('', #161);
#163 = CARTESIAN_POINT('', (94.6, 35.5, 2.));
#164 = VERTEX_POINT('', #163);
#165 = CARTESIAN_POINT('', (4.99999998, 34.1, 2.));
#166 = VERTEX_POINT('', #165);
#167 = CARTESIAN_POINT('', (5.00000002, 36.9, 2.));
#168 = VERTEX_POINT('', #167);
#169 = CARTESIAN_POINT('', (95.99999998, 34.1, 2.));
#170 = VERTEX_POINT('', #169);
#171 = CARTESIAN_POINT('', (96.00000002, 36.9, 2.));
#172 = VERTEX_POINT('', #171);
#173 = CARTESIAN_POINT('', (8.5, 35.5, 1.5));
#174 = VERTEX_POINT('', #173);
#175 = CARTESIAN_POINT('', (8.5, 35.5, 16.));
#176 = VERTEX_POINT('', #175);
#177 = CARTESIAN_POINT('', (1.5, 35.5, 1.5));
#178 = VERTEX_POINT('', #177);
#179 = CARTESIAN_POINT('', (1.5, 35.5, 16.));
#180 = VERTEX_POINT('', #179);
#181 = CARTESIAN_POINT('', (6.4, 35.5, 1.5));
#182 = VERTEX_POINT('', #181);
#183 = CARTESIAN_POINT('', (3.6, 35.5, 1.5));
#184 = VERTEX_POINT('', #183);
#185 = CARTESIAN_POINT('', (6.4, 35.5, 16.));
#186 = VERTEX_POINT('', #185);
#187 = CARTESIAN_POINT('', (3.6, 35.5, 16.));
#188 = VERTEX_POINT('', #187);
#189 = CARTESIAN_POINT('', (5., 34.1, 1.5));
#190 = VERTEX_POINT('', #189);
#191 = CARTESIAN_POINT('', (5., 36.9, 1.5));
#192 = VERTEX_POINT('', #191);
#193 = CARTESIAN_POINT('', (5., 34.1, 16.));
#194 = VERTEX_POINT('', #193);
#195 = CARTESIAN_POINT('', (5., 36.9, 16.));
#196 = VERTEX_POINT('', #195);
#197 = CARTESIAN_POINT('', (99.5, 35.5, 1.5));
#198 = VERTEX_POINT('', #197);
#199 = CARTESIAN_POINT('', (99.5, 35.5, 16.));
#200 = VERTEX_POINT('', #199);
#201 = CARTESIAN_POINT('', (92.5, 35.5, 1.5));
#202 = VERTEX_POINT('', #201);
#203 = CARTESIAN_POINT('', (92.5, 35.5, 16.));
#204 = VERTEX_POINT('', #203);
#205 = CARTESIAN_POINT('', (97.4, 35.5, 1.5));
#206 = VERTEX_POINT('', #205);
#207 = CARTESIAN_POINT('', (94.6, 35.5, 1.5));
#208 = VERTEX_POINT('', #207);
#209 = CARTESIAN_POINT('', (97.4, 35.5, 16.));
#210 = VERTEX_POINT('', #209);
#211 = CARTESIAN_POINT('', (94.6, 35.5, 16.));
#212 = VERTEX_POINT('', #211);
#213 = CARTESIAN_POINT('', (96., 34.1, 1.5));
#214 = VERTEX_POINT('', #213);
#215 = CARTESIAN_POINT('', (96., 36.9, 1.5));
#216 = VERTEX_POINT('', #215);
#217 = CARTESIAN_POINT('', (96., 34.1, 16.));
#218 = VERTEX_POINT('', #217);
#219 = CARTESIAN_POINT('', (96., 36.9, 16.));
#220 = VERTEX_POINT('', #219);
#221 = CARTESIAN_POINT('', (101.00000001, -0.00000001, 16.));
#222 = VERTEX_POINT('', #221);
#223 = CARTESIAN_POINT('', (101.00000001, 70.99999998, 16.));
#224 = VERTEX_POINT('', #223);
#225 = CARTESIAN_POINT('', (101.00000001, 70.99999998, 18.5));
#226 = VERTEX_POINT('', #225);
#227 = CARTESIAN_POINT('', (101.00000001, -0.00000001, 18.5));
#228 = VERTEX_POINT('', #227);
#229 = CARTESIAN_POINT('', (0., 70.99999998, 16.));
#230 = VERTEX_POINT('', #229);
#231 = CARTESIAN_POINT('', (0., 70.99999998, 18.5));
#232 = VERTEX_POINT('', #231);
#233 = CARTESIAN_POINT('', (0., -0., 16.));
#234 = VERTEX_POINT('', #233);
#235 = CARTESIAN_POINT('', (0., -0., 18.5));
#236 = VERTEX_POINT('', #235);
#237 = CARTESIAN_POINT('', (79.50000001, 40., 16.));
#238 = VERTEX_POINT('', #237);
#239 = CARTESIAN_POINT('', (79.50000001, 61., 16.));
#240 = VERTEX_POINT('', #239);
#241 = CARTESIAN_POINT('', (21.50000001, 61., 16.));
#242 = VERTEX_POINT('', #241);
#243 = CARTESIAN_POINT('', (21.5, 40., 16.));
#244 = VERTEX_POINT('', #243);
#245 = CARTESIAN_POINT('', (79.50000001, 40., 18.5));
#246 = VERTEX_POINT('', #245);
#247 = CARTESIAN_POINT('', (79.50000001, 61., 18.5));
#248 = VERTEX_POINT('', #247);
#249 = CARTESIAN_POINT('', (21.50000001, 61., 18.5));
#250 = VERTEX_POINT('', #249);
#251 = CARTESIAN_POINT('', (21.5, 40., 18.5));
#252 = VERTEX_POINT('', #251);
#253 = CARTESIAN_POINT('', (29.17500001, 14., 16.));
#254 = VERTEX_POINT('', #253);
#255 = CARTESIAN_POINT('', (29.17500001, 28.5, 16.));
#256 = VERTEX_POINT('', #255);
#257 = CARTESIAN_POINT('', (14.67500001, 28.5, 16.));
#258 = VERTEX_POINT('', #257);
#259 = CARTESIAN_POINT('', (14.675, 14., 16.));
#260 = VERTEX_POINT('', #259);
#261 = CARTESIAN_POINT('', (29.17500001, 14., 18.5));
#262 = VERTEX_POINT('', #261);
#263 = CARTESIAN_POINT('', (29.17500001, 28.5, 18.5));
#264 = VERTEX_POINT('', #263);
#265 = CARTESIAN_POINT('', (14.67500001, 28.5, 18.5));
#266 = VERTEX_POINT('', #265);
#267 = CARTESIAN_POINT('', (14.675, 14., 18.5));
#268 = VERTEX_POINT('', #267);
#269 = CARTESIAN_POINT('', (48.22500001, 14., 16.));
#270 = VERTEX_POINT('', #269);
#271 = CARTESIAN_POINT('', (48.22500001, 28.5, 16.));
#272 = VERTEX_POINT('', #271);
#273 = CARTESIAN_POINT('', (33.72500001, 28.5, 16.));
#274 = VERTEX_POINT('', #273);
#275 = CARTESIAN_POINT('', (33.725, 14., 16.));
#276 = VERTEX_POINT('', #275);
#277 = CARTESIAN_POINT('', (48.22500001, 14., 18.5));
#278 = VERTEX_POINT('', #277);
#279 = CARTESIAN_POINT('', (48.22500001, 28.5, 18.5));
#280 = VERTEX_POINT('', #279);
#281 = CARTESIAN_POINT('', (33.72500001, 28.5, 18.5));
#282 = VERTEX_POINT('', #281);
#283 = CARTESIAN_POINT('', (33.725, 14., 18.5));
#284 = VERTEX_POINT('', #283);
#285 = CARTESIAN_POINT('', (67.27500001, 14., 16.));
#286 = VERTEX_POINT('', #285);
#287 = CARTESIAN_POINT('', (67.27500001, 28.5, 16.));
#288 = VERTEX_POINT('', #287);
#289 = CARTESIAN_POINT('', (52.77500001, 28.5, 16.));
#290 = VERTEX_POINT('', #289);
#291 = CARTESIAN_POINT('', (52.775, 14., 16.));
#292 = VERTEX_POINT('', #291);
#293 = CARTESIAN_POINT('', (67.27500001, 14., 18.5));
#294 = VERTEX_POINT('', #293);
#295 = CARTESIAN_POINT('', (67.27500001, 28.5, 18.5));
#296 = VERTEX_POINT('', #295);
#297 = CARTESIAN_POINT('', (52.77500001, 28.5, 18.5));
#298 = VERTEX_POINT('', #297);
#299 = CARTESIAN_POINT('', (52.775, 14., 18.5));
#300 = VERTEX_POINT('', #299);
#301 = CARTESIAN_POINT('', (86.32500001, 14., 16.));
#302 = VERTEX_POINT('', #301);
#303 = CARTESIAN_POINT('', (86.32500001, 28.5, 16.));
#304 = VERTEX_POINT('', #303);
#305 = CARTESIAN_POINT('', (71.82500001, 28.5, 16.));
#306 = VERTEX_POINT('', #305);
#307 = CARTESIAN_POINT('', (71.825, 14., 16.));
#308 = VERTEX_POINT('', #307);
#309 = CARTESIAN_POINT('', (86.32500001, 14., 18.5));
#310 = VERTEX_POINT('', #309);
#311 = CARTESIAN_POINT('', (86.32500001, 28.5, 18.5));
#312 = VERTEX_POINT('', #311);
#313 = CARTESIAN_POINT('', (71.82500001, 28.5, 18.5));
#314 = VERTEX_POINT('', #313);
#315 = CARTESIAN_POINT('', (71.825, 14., 18.5));
#316 = VERTEX_POINT('', #315);
#317 = CARTESIAN_POINT('', (6.7, 35.5, 16.));
#318 = VERTEX_POINT('', #317);
#319 = CARTESIAN_POINT('', (3.3, 35.5, 16.));
#320 = VERTEX_POINT('', #319);
#321 = CARTESIAN_POINT('', (6.7, 35.5, 18.5));
#322 = VERTEX_POINT('', #321);
#323 = CARTESIAN_POINT('', (3.3, 35.5, 18.5));
#324 = VERTEX_POINT('', #323);
#325 = CARTESIAN_POINT('', (5., 33.8, 16.));
#326 = VERTEX_POINT('', #325);
#327 = CARTESIAN_POINT('', (5., 37.2, 16.));
#328 = VERTEX_POINT('', #327);
#329 = CARTESIAN_POINT('', (5.00000002, 33.8, 18.5));
#330 = VERTEX_POINT('', #329);
#331 = CARTESIAN_POINT('', (4.99999998, 37.2, 18.5));
#332 = VERTEX_POINT('', #331);
#333 = CARTESIAN_POINT('', (97.7, 35.5, 16.));
#334 = VERTEX_POINT('', #333);
#335 = CARTESIAN_POINT('', (94.3, 35.5, 16.));
#336 = VERTEX_POINT('', #335);
#337 = CARTESIAN_POINT('', (97.7, 35.5, 18.5));
#338 = VERTEX_POINT('', #337);
#339 = CARTESIAN_POINT('', (94.3, 35.5, 18.5));
#340 = VERTEX_POINT('', #339);
#341 = CARTESIAN_POINT('', (96., 33.8, 16.));
#342 = VERTEX_POINT('', #341);
#343 = CARTESIAN_POINT('', (96., 37.2, 16.));
#344 = VERTEX_POINT('', #343);
#345 = CARTESIAN_POINT('', (96.00000002, 33.8, 18.5));
#346 = VERTEX_POINT('', #345);
#347 = CARTESIAN_POINT('', (95.99999998, 37.2, 18.5));
#348 = VERTEX_POINT('', #347);
#349 = DIRECTION('', (0., 1., 0.));
#350 = VECTOR('', #349, 1.);
#351 = CARTESIAN_POINT('', (101.00000001, -0.00000001, 0.));
#352 = LINE('', #351, #350);
#353 = DIRECTION('', (0., -0., 1.));
#354 = VECTOR('', #353, 1.);
#355 = CARTESIAN_POINT('', (101.00000001, 70.99999998, 0.));
#356 = LINE('', #355, #354);
#357 = DIRECTION('', (0., 1., 0.));
#358 = VECTOR('', #357, 1.);
#359 = CARTESIAN_POINT('', (101.00000001, -0.00000001, 16.));
#360 = LINE('', #359, #358);
#361 = DIRECTION('', (0., -0., 1.));
#362 = VECTOR('', #361, 1.);
#363 = CARTESIAN_POINT('', (101.00000001, -0.00000001, 0.));
#364 = LINE('', #363, #362);
#365 = DIRECTION('', (-1., -0., 0.));
#366 = VECTOR('', #365, 1.);
#367 = CARTESIAN_POINT('', (101.00000001, 70.99999998, 0.));
#368 = LINE('', #367, #366);
#369 = DIRECTION('', (0., -0., 1.));
#370 = VECTOR('', #369, 1.);
#371 = CARTESIAN_POINT('', (0., 70.99999998, 0.));
#372 = LINE('', #371, #370);
#373 = DIRECTION('', (-1., -0., 0.));
#374 = VECTOR('', #373, 1.);
#375 = CARTESIAN_POINT('', (101.00000001, 70.99999998, 16.));
#376 = LINE('', #375, #374);
#377 = DIRECTION('', (0., -1., 0.));
#378 = VECTOR('', #377, 1.);
#379 = CARTESIAN_POINT('', (0., 70.99999998, 0.));
#380 = LINE('', #379, #378);
#381 = DIRECTION('', (0., -0., 1.));
#382 = VECTOR('', #381, 1.);
#383 = CARTESIAN_POINT('', (0., -0., 0.));
#384 = LINE('', #383, #382);
#385 = DIRECTION('', (0., -1., 0.));
#386 = VECTOR('', #385, 1.);
#387 = CARTESIAN_POINT('', (0., 70.99999998, 16.));
#388 = LINE('', #387, #386);
#389 = DIRECTION('', (1., -0., 0.));
#390 = VECTOR('', #389, 1.);
#391 = CARTESIAN_POINT('', (0., -0., 0.));
#392 = LINE('', #391, #390);
#393 = DIRECTION('', (1., -0., 0.));
#394 = VECTOR('', #393, 1.);
#395 = CARTESIAN_POINT('', (0., -0., 16.));
#396 = LINE('', #395, #394);
#397 = DIRECTION('', (0., 1., 0.));
#398 = VECTOR('', #397, 1.);
#399 = CARTESIAN_POINT('', (98.60000001, 2.39999999, 2.));
#400 = LINE('', #399, #398);
#401 = DIRECTION('', (0., -0., 1.));
#402 = VECTOR('', #401, 1.);
#403 = CARTESIAN_POINT('', (98.60000001, 68.59999998, 2.));
#404 = LINE('', #403, #402);
#405 = DIRECTION('', (0., -0., 1.));
#406 = VECTOR('', #405, 1.);
#407 = CARTESIAN_POINT('', (98.60000001, 2.39999999, 2.));
#408 = LINE('', #407, #406);
#409 = DIRECTION('', (-1., -0., 0.));
#410 = VECTOR('', #409, 1.);
#411 = CARTESIAN_POINT('', (98.60000001, 68.59999998, 2.));
#412 = LINE('', #411, #410);
#413 = DIRECTION('', (0., -0., 1.));
#414 = VECTOR('', #413, 1.);
#415 = CARTESIAN_POINT('', (2.4, 68.59999998, 2.));
#416 = LINE('', #415, #414);
#417 = DIRECTION('', (0., -1., 0.));
#418 = VECTOR('', #417, 1.);
#419 = CARTESIAN_POINT('', (2.4, 68.59999998, 2.));
#420 = LINE('', #419, #418);
#421 = DIRECTION('', (0., -0., 1.));
#422 = VECTOR('', #421, 1.);
#423 = CARTESIAN_POINT('', (2.4, 2.4, 2.));
#424 = LINE('', #423, #422);
#425 = DIRECTION('', (1., -0., 0.));
#426 = VECTOR('', #425, 1.);
#427 = CARTESIAN_POINT('', (2.4, 2.4, 2.));
#428 = LINE('', #427, #426);
#429 = DIRECTION('', (0., 1., 0.));
#430 = VECTOR('', #429, 1.);
#431 = CARTESIAN_POINT('', (98.60000001, 2.39999999, 16.));
#432 = LINE('', #431, #430);
#433 = DIRECTION('', (-1., -0., 0.));
#434 = VECTOR('', #433, 1.);
#435 = CARTESIAN_POINT('', (98.60000001, 68.59999998, 16.));
#436 = LINE('', #435, #434);
#437 = DIRECTION('', (0., -1., 0.));
#438 = VECTOR('', #437, 1.);
#439 = CARTESIAN_POINT('', (2.4, 68.59999998, 16.));
#440 = LINE('', #439, #438);
#441 = DIRECTION('', (1., -0., 0.));
#442 = VECTOR('', #441, 1.);
#443 = CARTESIAN_POINT('', (2.4, 2.4, 16.));
#444 = LINE('', #443, #442);
#445 = DIRECTION('', (0., -0., 1.));
#446 = VECTOR('', #445, 1.);
#447 = CARTESIAN_POINT('', (57.50000001, 71., 4.));
#448 = LINE('', #447, #446);
#449 = DIRECTION('', (-0., -1., 0.));
#450 = VECTOR('', #449, 1.);
#451 = CARTESIAN_POINT('', (57.50000001, 71., 11.));
#452 = LINE('', #451, #450);
#453 = DIRECTION('', (0., -1., 0.));
#454 = VECTOR('', #453, 1.);
#455 = CARTESIAN_POINT('', (57.50000001, 71., 4.));
#456 = LINE('', #455, #454);
#457 = DIRECTION('', (-1., -0., 0.));
#458 = VECTOR('', #457, 1.);
#459 = CARTESIAN_POINT('', (57.50000001, 71., 11.));
#460 = LINE('', #459, #458);
#461 = DIRECTION('', (0., -1., 0.));
#462 = VECTOR('', #461, 1.);
#463 = CARTESIAN_POINT('', (43.50000001, 71., 11.));
#464 = LINE('', #463, #462);
#465 = DIRECTION('', (-0., -0., -1.));
#466 = VECTOR('', #465, 1.);
#467 = CARTESIAN_POINT('', (43.50000001, 71., 11.));
#468 = LINE('', #467, #466);
#469 = DIRECTION('', (0., -1., 0.));
#470 = VECTOR('', #469, 1.);
#471 = CARTESIAN_POINT('', (43.5, 71., 4.));
#472 = LINE('', #471, #470);
#473 = DIRECTION('', (1., -0., 0.));
#474 = VECTOR('', #473, 1.);
#475 = CARTESIAN_POINT('', (43.5, 71., 4.));
#476 = LINE('', #475, #474);
#477 = DIRECTION('', (-0., -0., -1.));
#478 = VECTOR('', #477, 1.);
#479 = CARTESIAN_POINT('', (57.50000001, 68.59999998, 11.));
#480 = LINE('', #479, #478);
#481 = DIRECTION('', (1., 0., 0.));
#482 = VECTOR('', #481, 1.);
#483 = CARTESIAN_POINT('', (43.50000001, 68.59999998, 11.));
#484 = LINE('', #483, #482);
#485 = DIRECTION('', (0., -0., 1.));
#486 = VECTOR('', #485, 1.);
#487 = CARTESIAN_POINT('', (43.5, 68.59999998, 4.));
#488 = LINE('', #487, #486);
#489 = DIRECTION('', (-1., -0., 0.));
#490 = VECTOR('', #489, 1.);
#491 = CARTESIAN_POINT('', (57.50000001, 68.59999998, 4.));
#492 = LINE('', #491, #490);
#493 = DIRECTION('', (1., 0., 0.));
#494 = DIRECTION('', (0., -0., 1.));
#495 = CARTESIAN_POINT('', (7., 7., 8.));
#496 = AXIS2_PLACEMENT_3D('', #495, #494, #493);
#497 = CIRCLE('', #496, 4.);
#498 = DIRECTION('', (-1., 0., 0.));
#499 = DIRECTION('', (0., -0., 1.));
#500 = CARTESIAN_POINT('', (7., 7., 8.));
#501 = AXIS2_PLACEMENT_3D('', #500, #499, #498);
#502 = CIRCLE('', #501, 4.);
#503 = DIRECTION('', (1., -0., -0.));
#504 = DIRECTION('', (0., 0., 1.));
#505 = CARTESIAN_POINT('', (7., 7., 2.));
#506 = AXIS2_PLACEMENT_3D('', #505, #504, #503);
#507 = CIRCLE('', #506, 4.);
#508 = DIRECTION('', (1., -0., 0.));
#509 = DIRECTION('', (0., -0., -1.));
#510 = CARTESIAN_POINT('', (7., 7., 2.));
#511 = AXIS2_PLACEMENT_3D('', #510, #509, #508);
#512 = CIRCLE('', #511, 4.);
#513 = DIRECTION('', (0.00000001, -1., 0.));
#514 = DIRECTION('', (0., -0., -1.));
#515 = CARTESIAN_POINT('', (7., 7., 2.));
#516 = AXIS2_PLACEMENT_3D('', #515, #514, #513);
#517 = CIRCLE('', #516, 4.);
#518 = DIRECTION('', (-0.00000001, 1., 0.));
#519 = DIRECTION('', (0., -0., 1.));
#520 = CARTESIAN_POINT('', (7., 7., 2.));
#521 = AXIS2_PLACEMENT_3D('', #520, #519, #518);
#522 = CIRCLE('', #521, 4.);
#523 = DIRECTION('', (0., -0., 1.));
#524 = VECTOR('', #523, 1.);
#525 = CARTESIAN_POINT('', (3., 7., 2.));
#526 = LINE('', #525, #524);
#527 = DIRECTION('', (0., -0., 1.));
#528 = VECTOR('', #527, 1.);
#529 = CARTESIAN_POINT('', (11., 7., 2.));
#530 = LINE('', #529, #528);
#531 = DIRECTION('', (1., 0., 0.));
#532 = DIRECTION('', (0., -0., 1.));
#533 = CARTESIAN_POINT('', (94., 7., 8.));
#534 = AXIS2_PLACEMENT_3D('', #533, #532, #531);
#535 = CIRCLE('', #534, 4.);
#536 = DIRECTION('', (-1., 0., 0.));
#537 = DIRECTION('', (0., -0., 1.));
#538 = CARTESIAN_POINT('', (94., 7., 8.));
#539 = AXIS2_PLACEMENT_3D('', #538, #537, #536);
#540 = CIRCLE('', #539, 4.);
#541 = DIRECTION('', (1., 0., 0.));
#542 = DIRECTION('', (-0., -0., 1.));
#543 = CARTESIAN_POINT('', (94., 7., 2.));
#544 = AXIS2_PLACEMENT_3D('', #543, #542, #541);
#545 = CIRCLE('', #544, 4.);
#546 = DIRECTION('', (1., -0., -0.));
#547 = DIRECTION('', (-0., 0., -1.));
#548 = CARTESIAN_POINT('', (94., 7., 2.));
#549 = AXIS2_PLACEMENT_3D('', #548, #547, #546);
#550 = CIRCLE('', #549, 4.);
#551 = DIRECTION('', (0.00000001, -1., 0.));
#552 = DIRECTION('', (0., 0., -1.));
#553 = CARTESIAN_POINT('', (94., 7., 2.));
#554 = AXIS2_PLACEMENT_3D('', #553, #552, #551);
#555 = CIRCLE('', #554, 4.);
#556 = DIRECTION('', (-0.00000001, 1., -0.));
#557 = DIRECTION('', (-0., 0., 1.));
#558 = CARTESIAN_POINT('', (94., 7., 2.));
#559 = AXIS2_PLACEMENT_3D('', #558, #557, #556);
#560 = CIRCLE('', #559, 4.);
#561 = DIRECTION('', (0., -0., 1.));
#562 = VECTOR('', #561, 1.);
#563 = CARTESIAN_POINT('', (90., 7., 2.));
#564 = LINE('', #563, #562);
#565 = DIRECTION('', (0., -0., 1.));
#566 = VECTOR('', #565, 1.);
#567 = CARTESIAN_POINT('', (98.00000001, 7., 2.));
#568 = LINE('', #567, #566);
#569 = DIRECTION('', (1., 0., 0.));
#570 = DIRECTION('', (0., -0., 1.));
#571 = CARTESIAN_POINT('', (94., 64., 8.));
#572 = AXIS2_PLACEMENT_3D('', #571, #570, #569);
#573 = CIRCLE('', #572, 4.);
#574 = DIRECTION('', (-1., 0., 0.));
#575 = DIRECTION('', (0., 0., 1.));
#576 = CARTESIAN_POINT('', (94., 64., 8.));
#577 = AXIS2_PLACEMENT_3D('', #576, #575, #574);
#578 = CIRCLE('', #577, 4.);
#579 = DIRECTION('', (1., -0., 0.));
#580 = DIRECTION('', (-0., -0., 1.));
#581 = CARTESIAN_POINT('', (94., 64., 2.));
#582 = AXIS2_PLACEMENT_3D('', #581, #580, #579);
#583 = CIRCLE('', #582, 4.);
#584 = DIRECTION('', (1., -0., 0.));
#585 = DIRECTION('', (0., -0., -1.));
#586 = CARTESIAN_POINT('', (94., 64., 2.));
#587 = AXIS2_PLACEMENT_3D('', #586, #585, #584);
#588 = CIRCLE('', #587, 4.);
#589 = DIRECTION('', (0.00000001, -1., 0.));
#590 = DIRECTION('', (-0., -0., -1.));
#591 = CARTESIAN_POINT('', (94., 64., 2.));
#592 = AXIS2_PLACEMENT_3D('', #591, #590, #589);
#593 = CIRCLE('', #592, 4.);
#594 = DIRECTION('', (-0.00000001, 1., 0.));
#595 = DIRECTION('', (0., -0., 1.));
#596 = CARTESIAN_POINT('', (94., 64., 2.));
#597 = AXIS2_PLACEMENT_3D('', #596, #595, #594);
#598 = CIRCLE('', #597, 4.);
#599 = DIRECTION('', (0., -0., 1.));
#600 = VECTOR('', #599, 1.);
#601 = CARTESIAN_POINT('', (90., 64., 2.));
#602 = LINE('', #601, #600);
#603 = DIRECTION('', (0., -0., 1.));
#604 = VECTOR('', #603, 1.);
#605 = CARTESIAN_POINT('', (98.00000001, 64., 2.));
#606 = LINE('', #605, #604);
#607 = DIRECTION('', (1., 0., 0.));
#608 = DIRECTION('', (0., -0., 1.));
#609 = CARTESIAN_POINT('', (7., 64., 8.));
#610 = AXIS2_PLACEMENT_3D('', #609, #608, #607);
#611 = CIRCLE('', #610, 4.);
#612 = DIRECTION('', (-1., 0., 0.));
#613 = DIRECTION('', (0., 0., 1.));
#614 = CARTESIAN_POINT('', (7., 64., 8.));
#615 = AXIS2_PLACEMENT_3D('', #614, #613, #612);
#616 = CIRCLE('', #615, 4.);
#617 = DIRECTION('', (1., 0., 0.));
#618 = DIRECTION('', (-0., -0., 1.));
#619 = CARTESIAN_POINT('', (7., 64., 2.));
#620 = AXIS2_PLACEMENT_3D('', #619, #618, #617);
#621 = CIRCLE('', #620, 4.);
#622 = DIRECTION('', (1., -0., 0.));
#623 = DIRECTION('', (0., -0., -1.));
#624 = CARTESIAN_POINT('', (7., 64., 2.));
#625 = AXIS2_PLACEMENT_3D('', #624, #623, #622);
#626 = CIRCLE('', #625, 4.);
#627 = DIRECTION('', (0.00000001, -1., -0.));
#628 = DIRECTION('', (0., 0., -1.));
#629 = CARTESIAN_POINT('', (7., 64., 2.));
#630 = AXIS2_PLACEMENT_3D('', #629, #628, #627);
#631 = CIRCLE('', #630, 4.);
#632 = DIRECTION('', (-0.00000001, 1., 0.));
#633 = DIRECTION('', (0., -0., 1.));
#634 = CARTESIAN_POINT('', (7., 64., 2.));
#635 = AXIS2_PLACEMENT_3D('', #634, #633, #632);
#636 = CIRCLE('', #635, 4.);
#637 = DIRECTION('', (0., -0., 1.));
#638 = VECTOR('', #637, 1.);
#639 = CARTESIAN_POINT('', (3., 64., 2.));
#640 = LINE('', #639, #638);
#641 = DIRECTION('', (0., -0., 1.));
#642 = VECTOR('', #641, 1.);
#643 = CARTESIAN_POINT('', (11., 64., 2.));
#644 = LINE('', #643, #642);
#645 = DIRECTION('', (1., 0., 0.));
#646 = DIRECTION('', (0., -0., 1.));
#647 = CARTESIAN_POINT('', (7., 7., 1.5));
#648 = AXIS2_PLACEMENT_3D('', #647, #646, #645);
#649 = CIRCLE('', #648, 1.6);
#650 = DIRECTION('', (0., -0., 1.));
#651 = VECTOR('', #650, 1.);
#652 = CARTESIAN_POINT('', (8.6, 7., 1.5));
#653 = LINE('', #652, #651);
#654 = DIRECTION('', (-1., 0., 0.));
#655 = DIRECTION('', (0., -0., 1.));
#656 = CARTESIAN_POINT('', (7., 7., 1.5));
#657 = AXIS2_PLACEMENT_3D('', #656, #655, #654);
#658 = CIRCLE('', #657, 1.6);
#659 = DIRECTION('', (0., -0., 1.));
#660 = VECTOR('', #659, 1.);
#661 = CARTESIAN_POINT('', (5.4, 7., 1.5));
#662 = LINE('', #661, #660);
#663 = DIRECTION('', (1., 0., -0.));
#664 = DIRECTION('', (0., 0., 1.));
#665 = CARTESIAN_POINT('', (7., 7., 8.));
#666 = AXIS2_PLACEMENT_3D('', #665, #664, #663);
#667 = CIRCLE('', #666, 1.6);
#668 = DIRECTION('', (1., -0., 0.));
#669 = DIRECTION('', (0., -0., -1.));
#670 = CARTESIAN_POINT('', (7., 7., 8.));
#671 = AXIS2_PLACEMENT_3D('', #670, #669, #668);
#672 = CIRCLE('', #671, 1.6);
#673 = DIRECTION('', (-0., -1., -0.));
#674 = DIRECTION('', (-0., 0., -1.));
#675 = CARTESIAN_POINT('', (7., 7., 8.));
#676 = AXIS2_PLACEMENT_3D('', #675, #674, #673);
#677 = CIRCLE('', #676, 1.6);
#678 = DIRECTION('', (0., 1., 0.));
#679 = DIRECTION('', (0., -0., 1.));
#680 = CARTESIAN_POINT('', (7., 7., 8.));
#681 = AXIS2_PLACEMENT_3D('', #680, #679, #678);
#682 = CIRCLE('', #681, 1.6);
#683 = DIRECTION('', (1., 0., 0.));
#684 = DIRECTION('', (0., -0., 1.));
#685 = CARTESIAN_POINT('', (94., 7., 1.5));
#686 = AXIS2_PLACEMENT_3D('', #685, #684, #683);
#687 = CIRCLE('', #686, 1.6);
#688 = DIRECTION('', (0., -0., 1.));
#689 = VECTOR('', #688, 1.);
#690 = CARTESIAN_POINT('', (95.60000001, 7., 1.5));
#691 = LINE('', #690, #689);
#692 = DIRECTION('', (-1., 0., 0.));
#693 = DIRECTION('', (0., 0., 1.));
#694 = CARTESIAN_POINT('', (94., 7., 1.5));
#695 = AXIS2_PLACEMENT_3D('', #694, #693, #692);
#696 = CIRCLE('', #695, 1.6);
#697 = DIRECTION('', (0., -0., 1.));
#698 = VECTOR('', #697, 1.);
#699 = CARTESIAN_POINT('', (92.4, 7., 1.5));
#700 = LINE('', #699, #698);
#701 = DIRECTION('', (1., 0., 0.));
#702 = DIRECTION('', (-0., -0., 1.));
#703 = CARTESIAN_POINT('', (94., 7., 8.));
#704 = AXIS2_PLACEMENT_3D('', #703, #702, #701);
#705 = CIRCLE('', #704, 1.6);
#706 = DIRECTION('', (1., -0., -0.));
#707 = DIRECTION('', (-0., 0., -1.));
#708 = CARTESIAN_POINT('', (94., 7., 8.));
#709 = AXIS2_PLACEMENT_3D('', #708, #707, #706);
#710 = CIRCLE('', #709, 1.6);
#711 = DIRECTION('', (-0., -1., -0.));
#712 = DIRECTION('', (0., 0., -1.));
#713 = CARTESIAN_POINT('', (94., 7., 8.));
#714 = AXIS2_PLACEMENT_3D('', #713, #712, #711);
#715 = CIRCLE('', #714, 1.6);
#716 = DIRECTION('', (0., 1., 0.));
#717 = DIRECTION('', (0., -0., 1.));
#718 = CARTESIAN_POINT('', (94., 7., 8.));
#719 = AXIS2_PLACEMENT_3D('', #718, #717, #716);
#720 = CIRCLE('', #719, 1.6);
#721 = DIRECTION('', (1., 0., 0.));
#722 = DIRECTION('', (0., -0., 1.));
#723 = CARTESIAN_POINT('', (94., 64., 1.5));
#724 = AXIS2_PLACEMENT_3D('', #723, #722, #721);
#725 = CIRCLE('', #724, 1.6);
#726 = DIRECTION('', (0., -0., 1.));
#727 = VECTOR('', #726, 1.);
#728 = CARTESIAN_POINT('', (95.60000001, 64., 1.5));
#729 = LINE('', #728, #727);
#730 = DIRECTION('', (-1., 0., 0.));
#731 = DIRECTION('', (0., -0., 1.));
#732 = CARTESIAN_POINT('', (94., 64., 1.5));
#733 = AXIS2_PLACEMENT_3D('', #732, #731, #730);
#734 = CIRCLE('', #733, 1.6);
#735 = DIRECTION('', (0., -0., 1.));
#736 = VECTOR('', #735, 1.);
#737 = CARTESIAN_POINT('', (92.4, 64., 1.5));
#738 = LINE('', #737, #736);
#739 = DIRECTION('', (1., 0., -0.));
#740 = DIRECTION('', (0., 0., 1.));
#741 = CARTESIAN_POINT('', (94., 64., 8.));
#742 = AXIS2_PLACEMENT_3D('', #741, #740, #739);
#743 = CIRCLE('', #742, 1.6);
#744 = DIRECTION('', (1., -0., 0.));
#745 = DIRECTION('', (0., -0., -1.));
#746 = CARTESIAN_POINT('', (94., 64., 8.));
#747 = AXIS2_PLACEMENT_3D('', #746, #745, #744);
#748 = CIRCLE('', #747, 1.6);
#749 = DIRECTION('', (-0., -1., 0.));
#750 = DIRECTION('', (-0., -0., -1.));
#751 = CARTESIAN_POINT('', (94., 64., 8.));
#752 = AXIS2_PLACEMENT_3D('', #751, #750, #749);
#753 = CIRCLE('', #752, 1.6);
#754 = DIRECTION('', (0., 1., -0.));
#755 = DIRECTION('', (-0., 0., 1.));
#756 = CARTESIAN_POINT('', (94., 64., 8.));
#757 = AXIS2_PLACEMENT_3D('', #756, #755, #754);
#758 = CIRCLE('', #757, 1.6);
#759 = DIRECTION('', (1., 0., 0.));
#760 = DIRECTION('', (0., -0., 1.));
#761 = CARTESIAN_POINT('', (7., 64., 1.5));
#762 = AXIS2_PLACEMENT_3D('', #761, #760, #759);
#763 = CIRCLE('', #762, 1.6);
#764 = DIRECTION('', (0., -0., 1.));
#765 = VECTOR('', #764, 1.);
#766 = CARTESIAN_POINT('', (8.6, 64., 1.5));
#767 = LINE('', #766, #765);
#768 = DIRECTION('', (-1., 0., 0.));
#769 = DIRECTION('', (0., 0., 1.));
#770 = CARTESIAN_POINT('', (7., 64., 1.5));
#771 = AXIS2_PLACEMENT_3D('', #770, #769, #768);
#772 = CIRCLE('', #771, 1.6);
#773 = DIRECTION('', (0., -0., 1.));
#774 = VECTOR('', #773, 1.);
#775 = CARTESIAN_POINT('', (5.4, 64., 1.5));
#776 = LINE('', #775, #774);
#777 = DIRECTION('', (1., 0., -0.));
#778 = DIRECTION('', (0., 0., 1.));
#779 = CARTESIAN_POINT('', (7., 64., 8.));
#780 = AXIS2_PLACEMENT_3D('', #779, #778, #777);
#781 = CIRCLE('', #780, 1.6);
#782 = DIRECTION('', (1., -0., 0.));
#783 = DIRECTION('', (0., -0., -1.));
#784 = CARTESIAN_POINT('', (7., 64., 8.));
#785 = AXIS2_PLACEMENT_3D('', #784, #783, #782);
#786 = CIRCLE('', #785, 1.6);
#787 = DIRECTION('', (-0., -1., 0.));
#788 = DIRECTION('', (-0., -0., -1.));
#789 = CARTESIAN_POINT('', (7., 64., 8.));
#790 = AXIS2_PLACEMENT_3D('', #789, #788, #787);
#791 = CIRCLE('', #790, 1.6);
#792 = DIRECTION('', (0., 1., 0.));
#793 = DIRECTION('', (0., -0., 1.));
#794 = CARTESIAN_POINT('', (7., 64., 8.));
#795 = AXIS2_PLACEMENT_3D('', #794, #793, #792);
#796 = CIRCLE('', #795, 1.6);
#797 = DIRECTION('', (1., 0., 0.));
#798 = DIRECTION('', (0., -0., 1.));
#799 = CARTESIAN_POINT('', (5., 35.5, 1.5));
#800 = AXIS2_PLACEMENT_3D('', #799, #798, #797);
#801 = CIRCLE('', #800, 1.4);
#802 = DIRECTION('', (0., -0., 1.));
#803 = VECTOR('', #802, 1.);
#804 = CARTESIAN_POINT('', (6.4, 35.5, 1.5));
#805 = LINE('', #804, #803);
#806 = DIRECTION('', (-1., 0., 0.));
#807 = DIRECTION('', (0., 0., 1.));
#808 = CARTESIAN_POINT('', (5., 35.5, 1.5));
#809 = AXIS2_PLACEMENT_3D('', #808, #807, #806);
#810 = CIRCLE('', #809, 1.4);
#811 = DIRECTION('', (0., -0., 1.));
#812 = VECTOR('', #811, 1.);
#813 = CARTESIAN_POINT('', (3.6, 35.5, 1.5));
#814 = LINE('', #813, #812);
#815 = DIRECTION('', (1., -0., 0.));
#816 = DIRECTION('', (-0., -0., 1.));
#817 = CARTESIAN_POINT('', (96., 35.5, 1.5));
#818 = AXIS2_PLACEMENT_3D('', #817, #816, #815);
#819 = CIRCLE('', #818, 1.4);
#820 = DIRECTION('', (0., -0., 1.));
#821 = VECTOR('', #820, 1.);
#822 = CARTESIAN_POINT('', (97.4, 35.5, 1.5));
#823 = LINE('', #822, #821);
#824 = DIRECTION('', (-1., 0., 0.));
#825 = DIRECTION('', (0., -0., 1.));
#826 = CARTESIAN_POINT('', (96., 35.5, 1.5));
#827 = AXIS2_PLACEMENT_3D('', #826, #825, #824);
#828 = CIRCLE('', #827, 1.4);
#829 = DIRECTION('', (-0., -0., 1.));
#830 = VECTOR('', #829, 1.);
#831 = CARTESIAN_POINT('', (94.6, 35.5, 1.5));
#832 = LINE('', #831, #830);
#833 = DIRECTION('', (1., -0., -0.));
#834 = DIRECTION('', (0., 0., 1.));
#835 = CARTESIAN_POINT('', (5., 35.5, 2.));
#836 = AXIS2_PLACEMENT_3D('', #835, #834, #833);
#837 = CIRCLE('', #836, 1.4);
#838 = DIRECTION('', (1., 0., 0.));
#839 = DIRECTION('', (0., -0., -1.));
#840 = CARTESIAN_POINT('', (5., 35.5, 2.));
#841 = AXIS2_PLACEMENT_3D('', #840, #839, #838);
#842 = CIRCLE('', #841, 1.4);
#843 = DIRECTION('', (1., -0., -0.));
#844 = DIRECTION('', (0., 0., 1.));
#845 = CARTESIAN_POINT('', (96., 35.5, 2.));
#846 = AXIS2_PLACEMENT_3D('', #845, #844, #843);
#847 = CIRCLE('', #846, 1.4);
#848 = DIRECTION('', (1., 0., 0.));
#849 = DIRECTION('', (0., -0., -1.));
#850 = CARTESIAN_POINT('', (96., 35.5, 2.));
#851 = AXIS2_PLACEMENT_3D('', #850, #849, #848);
#852 = CIRCLE('', #851, 1.4);
#853 = DIRECTION('', (-0.00000001, -1., -0.));
#854 = DIRECTION('', (-0., 0., -1.));
#855 = CARTESIAN_POINT('', (5., 35.5, 2.));
#856 = AXIS2_PLACEMENT_3D('', #855, #854, #853);
#857 = CIRCLE('', #856, 1.4);
#858 = DIRECTION('', (0.00000002, 1., 0.));
#859 = DIRECTION('', (0., -0., 1.));
#860 = CARTESIAN_POINT('', (5., 35.5, 2.));
#861 = AXIS2_PLACEMENT_3D('', #860, #859, #858);
#862 = CIRCLE('', #861, 1.4);
#863 = DIRECTION('', (-0.00000001, -1., -0.));
#864 = DIRECTION('', (-0., 0., -1.));
#865 = CARTESIAN_POINT('', (96., 35.5, 2.));
#866 = AXIS2_PLACEMENT_3D('', #865, #864, #863);
#867 = CIRCLE('', #866, 1.4);
#868 = DIRECTION('', (0.00000002, 1., 0.));
#869 = DIRECTION('', (-0., -0., 1.));
#870 = CARTESIAN_POINT('', (96., 35.5, 2.));
#871 = AXIS2_PLACEMENT_3D('', #870, #869, #868);
#872 = CIRCLE('', #871, 1.4);
#873 = DIRECTION('', (1., 0., 0.));
#874 = DIRECTION('', (0., -0., 1.));
#875 = CARTESIAN_POINT('', (5., 35.5, 1.5));
#876 = AXIS2_PLACEMENT_3D('', #875, #874, #873);
#877 = CIRCLE('', #876, 3.5);
#878 = DIRECTION('', (0., -0., 1.));
#879 = VECTOR('', #878, 1.);
#880 = CARTESIAN_POINT('', (8.5, 35.5, 1.5));
#881 = LINE('', #880, #879);
#882 = DIRECTION('', (1., 0., 0.));
#883 = DIRECTION('', (0., -0., 1.));
#884 = CARTESIAN_POINT('', (5., 35.5, 16.));
#885 = AXIS2_PLACEMENT_3D('', #884, #883, #882);
#886 = CIRCLE('', #885, 3.5);
#887 = DIRECTION('', (-1., 0., 0.));
#888 = DIRECTION('', (0., 0., 1.));
#889 = CARTESIAN_POINT('', (5., 35.5, 1.5));
#890 = AXIS2_PLACEMENT_3D('', #889, #888, #887);
#891 = CIRCLE('', #890, 3.5);
#892 = DIRECTION('', (-1., 0., 0.));
#893 = DIRECTION('', (0., 0., 1.));
#894 = CARTESIAN_POINT('', (5., 35.5, 16.));
#895 = AXIS2_PLACEMENT_3D('', #894, #893, #892);
#896 = CIRCLE('', #895, 3.5);
#897 = DIRECTION('', (0., -0., 1.));
#898 = VECTOR('', #897, 1.);
#899 = CARTESIAN_POINT('', (1.5, 35.5, 1.5));
#900 = LINE('', #899, #898);
#901 = DIRECTION('', (1., 0., 0.));
#902 = DIRECTION('', (-0., -0., 1.));
#903 = CARTESIAN_POINT('', (5., 35.5, 1.5));
#904 = AXIS2_PLACEMENT_3D('', #903, #902, #901);
#905 = CIRCLE('', #904, 1.4);
#906 = DIRECTION('', (0., -0., 1.));
#907 = VECTOR('', #906, 1.);
#908 = CARTESIAN_POINT('', (6.4, 35.5, 1.5));
#909 = LINE('', #908, #907);
#910 = DIRECTION('', (0., -0., 1.));
#911 = VECTOR('', #910, 1.);
#912 = CARTESIAN_POINT('', (3.6, 35.5, 1.5));
#913 = LINE('', #912, #911);
#914 = DIRECTION('', (-1., -0., 0.));
#915 = DIRECTION('', (0., 0., 1.));
#916 = CARTESIAN_POINT('', (5., 35.5, 1.5));
#917 = AXIS2_PLACEMENT_3D('', #916, #915, #914);
#918 = CIRCLE('', #917, 1.4);
#919 = DIRECTION('', (1., 0., -0.));
#920 = DIRECTION('', (0., 0., 1.));
#921 = CARTESIAN_POINT('', (5., 35.5, 16.));
#922 = AXIS2_PLACEMENT_3D('', #921, #920, #919);
#923 = CIRCLE('', #922, 1.4);
#924 = DIRECTION('', (1., -0., 0.));
#925 = DIRECTION('', (0., -0., -1.));
#926 = CARTESIAN_POINT('', (5., 35.5, 16.));
#927 = AXIS2_PLACEMENT_3D('', #926, #925, #924);
#928 = CIRCLE('', #927, 1.4);
#929 = DIRECTION('', (0., -1., 0.));
#930 = DIRECTION('', (-0., 0., 1.));
#931 = CARTESIAN_POINT('', (5., 35.5, 1.5));
#932 = AXIS2_PLACEMENT_3D('', #931, #930, #929);
#933 = CIRCLE('', #932, 1.4);
#934 = DIRECTION('', (-0., 1., 0.));
#935 = DIRECTION('', (0., -0., 1.));
#936 = CARTESIAN_POINT('', (5., 35.5, 1.5));
#937 = AXIS2_PLACEMENT_3D('', #936, #935, #934);
#938 = CIRCLE('', #937, 1.4);
#939 = DIRECTION('', (0., -1., 0.));
#940 = DIRECTION('', (0., -0., -1.));
#941 = CARTESIAN_POINT('', (5., 35.5, 16.));
#942 = AXIS2_PLACEMENT_3D('', #941, #940, #939);
#943 = CIRCLE('', #942, 1.4);
#944 = DIRECTION('', (-0., 1., 0.));
#945 = DIRECTION('', (0., -0., 1.));
#946 = CARTESIAN_POINT('', (5., 35.5, 16.));
#947 = AXIS2_PLACEMENT_3D('', #946, #945, #944);
#948 = CIRCLE('', #947, 1.4);
#949 = DIRECTION('', (1., 0., 0.));
#950 = DIRECTION('', (0., -0., 1.));
#951 = CARTESIAN_POINT('', (96., 35.5, 1.5));
#952 = AXIS2_PLACEMENT_3D('', #951, #950, #949);
#953 = CIRCLE('', #952, 3.5);
#954 = DIRECTION('', (0., -0., 1.));
#955 = VECTOR('', #954, 1.);
#956 = CARTESIAN_POINT('', (99.5, 35.5, 1.5));
#957 = LINE('', #956, #955);
#958 = DIRECTION('', (1., 0., 0.));
#959 = DIRECTION('', (0., -0., 1.));
#960 = CARTESIAN_POINT('', (96., 35.5, 16.));
#961 = AXIS2_PLACEMENT_3D('', #960, #959, #958);
#962 = CIRCLE('', #961, 3.5);
#963 = DIRECTION('', (-1., -0., 0.));
#964 = DIRECTION('', (0., 0., 1.));
#965 = CARTESIAN_POINT('', (96., 35.5, 1.5));
#966 = AXIS2_PLACEMENT_3D('', #965, #964, #963);
#967 = CIRCLE('', #966, 3.5);
#968 = DIRECTION('', (-1., -0., 0.));
#969 = DIRECTION('', (0., 0., 1.));
#970 = CARTESIAN_POINT('', (96., 35.5, 16.));
#971 = AXIS2_PLACEMENT_3D('', #970, #969, #968);
#972 = CIRCLE('', #971, 3.5);
#973 = DIRECTION('', (0., -0., 1.));
#974 = VECTOR('', #973, 1.);
#975 = CARTESIAN_POINT('', (92.5, 35.5, 1.5));
#976 = LINE('', #975, #974);
#977 = DIRECTION('', (1., 0., 0.));
#978 = DIRECTION('', (-0., -0., 1.));
#979 = CARTESIAN_POINT('', (96., 35.5, 1.5));
#980 = AXIS2_PLACEMENT_3D('', #979, #978, #977);
#981 = CIRCLE('', #980, 1.4);
#982 = DIRECTION('', (0., -0., 1.));
#983 = VECTOR('', #982, 1.);
#984 = CARTESIAN_POINT('', (97.4, 35.5, 1.5));
#985 = LINE('', #984, #983);
#986 = DIRECTION('', (0., -0., 1.));
#987 = VECTOR('', #986, 1.);
#988 = CARTESIAN_POINT('', (94.6, 35.5, 1.5));
#989 = LINE('', #988, #987);
#990 = DIRECTION('', (-1., -0., 0.));
#991 = DIRECTION('', (0., 0., 1.));
#992 = CARTESIAN_POINT('', (96., 35.5, 1.5));
#993 = AXIS2_PLACEMENT_3D('', #992, #991, #990);
#994 = CIRCLE('', #993, 1.4);
#995 = DIRECTION('', (1., 0., 0.));
#996 = DIRECTION('', (-0., -0., 1.));
#997 = CARTESIAN_POINT('', (96., 35.5, 16.));
#998 = AXIS2_PLACEMENT_3D('', #997, #996, #995);
#999 = CIRCLE('', #998, 1.4);
#1000 = DIRECTION('', (1., -0., 0.));
#1001 = DIRECTION('', (0., -0., -1.));
#1002 = CARTESIAN_POINT('', (96., 35.5, 16.));
#1003 = AXIS2_PLACEMENT_3D('', #1002, #1001, #1000);
#1004 = CIRCLE('', #1003, 1.4);
#1005 = DIRECTION('', (0., -1., 0.));
#1006 = DIRECTION('', (-0., 0., 1.));
#1007 = CARTESIAN_POINT('', (96., 35.5, 1.5));
#1008 = AXIS2_PLACEMENT_3D('', #1007, #1006, #1005);
#1009 = CIRCLE('', #1008, 1.4);
#1010 = DIRECTION('', (-0., 1., 0.));
#1011 = DIRECTION('', (0., -0., 1.));
#1012 = CARTESIAN_POINT('', (96., 35.5, 1.5));
#1013 = AXIS2_PLACEMENT_3D('', #1012, #1011, #1010);
#1014 = CIRCLE('', #1013, 1.4);
#1015 = DIRECTION('', (0., -1., 0.));
#1016 = DIRECTION('', (-0., -0., -1.));
#1017 = CARTESIAN_POINT('', (96., 35.5, 16.));
#1018 = AXIS2_PLACEMENT_3D('', #1017, #1016, #1015);
#1019 = CIRCLE('', #1018, 1.4);
#1020 = DIRECTION('', (-0., 1., 0.));
#1021 = DIRECTION('', (0., -0., 1.));
#1022 = CARTESIAN_POINT('', (96., 35.5, 16.));
#1023 = AXIS2_PLACEMENT_3D('', #1022, #1021, #1020);
#1024 = CIRCLE('', #1023, 1.4);
#1025 = DIRECTION('', (0., 1., 0.));
#1026 = VECTOR('', #1025, 1.);
#1027 = CARTESIAN_POINT('', (101.00000001, -0.00000001, 16.));
#1028 = LINE('', #1027, #1026);
#1029 = DIRECTION('', (0., -0., 1.));
#1030 = VECTOR('', #1029, 1.);
#1031 = CARTESIAN_POINT('', (101.00000001, 70.99999998, 16.));
#1032 = LINE('', #1031, #1030);
#1033 = DIRECTION('', (0., 1., 0.));
#1034 = VECTOR('', #1033, 1.);
#1035 = CARTESIAN_POINT('', (101.00000001, -0.00000001, 18.5));
#1036 = LINE('', #1035, #1034);
#1037 = DIRECTION('', (0., -0., 1.));
#1038 = VECTOR('', #1037, 1.);
#1039 = CARTESIAN_POINT('', (101.00000001, -0.00000001, 16.));
#1040 = LINE('', #1039, #1038);
#1041 = DIRECTION('', (-1., -0., 0.));
#1042 = VECTOR('', #1041, 1.);
#1043 = CARTESIAN_POINT('', (101.00000001, 70.99999998, 16.));
#1044 = LINE('', #1043, #1042);
#1045 = DIRECTION('', (0., -0., 1.));
#1046 = VECTOR('', #1045, 1.);
#1047 = CARTESIAN_POINT('', (0., 70.99999998, 16.));
#1048 = LINE('', #1047, #1046);
#1049 = DIRECTION('', (-1., -0., 0.));
#1050 = VECTOR('', #1049, 1.);
#1051 = CARTESIAN_POINT('', (101.00000001, 70.99999998, 18.5));
#1052 = LINE('', #1051, #1050);
#1053 = DIRECTION('', (0., -1., 0.));
#1054 = VECTOR('', #1053, 1.);
#1055 = CARTESIAN_POINT('', (0., 70.99999998, 16.));
#1056 = LINE('', #1055, #1054);
#1057 = DIRECTION('', (0., -0., 1.));
#1058 = VECTOR('', #1057, 1.);
#1059 = CARTESIAN_POINT('', (0., -0., 16.));
#1060 = LINE('', #1059, #1058);
#1061 = DIRECTION('', (0., -1., 0.));
#1062 = VECTOR('', #1061, 1.);
#1063 = CARTESIAN_POINT('', (0., 70.99999998, 18.5));
#1064 = LINE('', #1063, #1062);
#1065 = DIRECTION('', (1., -0., 0.));
#1066 = VECTOR('', #1065, 1.);
#1067 = CARTESIAN_POINT('', (0., -0., 16.));
#1068 = LINE('', #1067, #1066);
#1069 = DIRECTION('', (1., -0., 0.));
#1070 = VECTOR('', #1069, 1.);
#1071 = CARTESIAN_POINT('', (0., -0., 18.5));
#1072 = LINE('', #1071, #1070);
#1073 = DIRECTION('', (0., 1., 0.));
#1074 = VECTOR('', #1073, 1.);
#1075 = CARTESIAN_POINT('', (79.50000001, 40., 16.));
#1076 = LINE('', #1075, #1074);
#1077 = DIRECTION('', (0., -0., 1.));
#1078 = VECTOR('', #1077, 1.);
#1079 = CARTESIAN_POINT('', (79.50000001, 61., 16.));
#1080 = LINE('', #1079, #1078);
#1081 = DIRECTION('', (0., -0., 1.));
#1082 = VECTOR('', #1081, 1.);
#1083 = CARTESIAN_POINT('', (79.50000001, 40., 16.));
#1084 = LINE('', #1083, #1082);
#1085 = DIRECTION('', (-1., -0., 0.));
#1086 = VECTOR('', #1085, 1.);
#1087 = CARTESIAN_POINT('', (79.50000001, 61., 16.));
#1088 = LINE('', #1087, #1086);
#1089 = DIRECTION('', (0., -0., 1.));
#1090 = VECTOR('', #1089, 1.);
#1091 = CARTESIAN_POINT('', (21.50000001, 61., 16.));
#1092 = LINE('', #1091, #1090);
#1093 = DIRECTION('', (-0., -1., 0.));
#1094 = VECTOR('', #1093, 1.);
#1095 = CARTESIAN_POINT('', (21.50000001, 61., 16.));
#1096 = LINE('', #1095, #1094);
#1097 = DIRECTION('', (0., -0., 1.));
#1098 = VECTOR('', #1097, 1.);
#1099 = CARTESIAN_POINT('', (21.5, 40., 16.));
#1100 = LINE('', #1099, #1098);
#1101 = DIRECTION('', (1., -0., 0.));
#1102 = VECTOR('', #1101, 1.);
#1103 = CARTESIAN_POINT('', (21.5, 40., 16.));
#1104 = LINE('', #1103, #1102);
#1105 = DIRECTION('', (0., 1., 0.));
#1106 = VECTOR('', #1105, 1.);
#1107 = CARTESIAN_POINT('', (79.50000001, 40., 18.5));
#1108 = LINE('', #1107, #1106);
#1109 = DIRECTION('', (-1., -0., 0.));
#1110 = VECTOR('', #1109, 1.);
#1111 = CARTESIAN_POINT('', (79.50000001, 61., 18.5));
#1112 = LINE('', #1111, #1110);
#1113 = DIRECTION('', (-0., -1., 0.));
#1114 = VECTOR('', #1113, 1.);
#1115 = CARTESIAN_POINT('', (21.50000001, 61., 18.5));
#1116 = LINE('', #1115, #1114);
#1117 = DIRECTION('', (1., -0., 0.));
#1118 = VECTOR('', #1117, 1.);
#1119 = CARTESIAN_POINT('', (21.5, 40., 18.5));
#1120 = LINE('', #1119, #1118);
#1121 = DIRECTION('', (0., 1., 0.));
#1122 = VECTOR('', #1121, 1.);
#1123 = CARTESIAN_POINT('', (29.17500001, 14., 16.));
#1124 = LINE('', #1123, #1122);
#1125 = DIRECTION('', (0., -0., 1.));
#1126 = VECTOR('', #1125, 1.);
#1127 = CARTESIAN_POINT('', (29.17500001, 28.5, 16.));
#1128 = LINE('', #1127, #1126);
#1129 = DIRECTION('', (0., -0., 1.));
#1130 = VECTOR('', #1129, 1.);
#1131 = CARTESIAN_POINT('', (29.17500001, 14., 16.));
#1132 = LINE('', #1131, #1130);
#1133 = DIRECTION('', (-1., -0., 0.));
#1134 = VECTOR('', #1133, 1.);
#1135 = CARTESIAN_POINT('', (29.17500001, 28.5, 16.));
#1136 = LINE('', #1135, #1134);
#1137 = DIRECTION('', (0., -0., 1.));
#1138 = VECTOR('', #1137, 1.);
#1139 = CARTESIAN_POINT('', (14.67500001, 28.5, 16.));
#1140 = LINE('', #1139, #1138);
#1141 = DIRECTION('', (-0., -1., 0.));
#1142 = VECTOR('', #1141, 1.);
#1143 = CARTESIAN_POINT('', (14.67500001, 28.5, 16.));
#1144 = LINE('', #1143, #1142);
#1145 = DIRECTION('', (-0., -0., 1.));
#1146 = VECTOR('', #1145, 1.);
#1147 = CARTESIAN_POINT('', (14.675, 14., 16.));
#1148 = LINE('', #1147, #1146);
#1149 = DIRECTION('', (1., -0., 0.));
#1150 = VECTOR('', #1149, 1.);
#1151 = CARTESIAN_POINT('', (14.675, 14., 16.));
#1152 = LINE('', #1151, #1150);
#1153 = DIRECTION('', (0., 1., 0.));
#1154 = VECTOR('', #1153, 1.);
#1155 = CARTESIAN_POINT('', (29.17500001, 14., 18.5));
#1156 = LINE('', #1155, #1154);
#1157 = DIRECTION('', (-1., -0., 0.));
#1158 = VECTOR('', #1157, 1.);
#1159 = CARTESIAN_POINT('', (29.17500001, 28.5, 18.5));
#1160 = LINE('', #1159, #1158);
#1161 = DIRECTION('', (-0., -1., 0.));
#1162 = VECTOR('', #1161, 1.);
#1163 = CARTESIAN_POINT('', (14.67500001, 28.5, 18.5));
#1164 = LINE('', #1163, #1162);
#1165 = DIRECTION('', (1., -0., 0.));
#1166 = VECTOR('', #1165, 1.);
#1167 = CARTESIAN_POINT('', (14.675, 14., 18.5));
#1168 = LINE('', #1167, #1166);
#1169 = DIRECTION('', (0., 1., 0.));
#1170 = VECTOR('', #1169, 1.);
#1171 = CARTESIAN_POINT('', (48.22500001, 14., 16.));
#1172 = LINE('', #1171, #1170);
#1173 = DIRECTION('', (0., -0., 1.));
#1174 = VECTOR('', #1173, 1.);
#1175 = CARTESIAN_POINT('', (48.22500001, 28.5, 16.));
#1176 = LINE('', #1175, #1174);
#1177 = DIRECTION('', (0., -0., 1.));
#1178 = VECTOR('', #1177, 1.);
#1179 = CARTESIAN_POINT('', (48.22500001, 14., 16.));
#1180 = LINE('', #1179, #1178);
#1181 = DIRECTION('', (-1., -0., 0.));
#1182 = VECTOR('', #1181, 1.);
#1183 = CARTESIAN_POINT('', (48.22500001, 28.5, 16.));
#1184 = LINE('', #1183, #1182);
#1185 = DIRECTION('', (0., -0., 1.));
#1186 = VECTOR('', #1185, 1.);
#1187 = CARTESIAN_POINT('', (33.72500001, 28.5, 16.));
#1188 = LINE('', #1187, #1186);
#1189 = DIRECTION('', (-0., -1., 0.));
#1190 = VECTOR('', #1189, 1.);
#1191 = CARTESIAN_POINT('', (33.72500001, 28.5, 16.));
#1192 = LINE('', #1191, #1190);
#1193 = DIRECTION('', (0., -0., 1.));
#1194 = VECTOR('', #1193, 1.);
#1195 = CARTESIAN_POINT('', (33.725, 14., 16.));
#1196 = LINE('', #1195, #1194);
#1197 = DIRECTION('', (1., -0., 0.));
#1198 = VECTOR('', #1197, 1.);
#1199 = CARTESIAN_POINT('', (33.725, 14., 16.));
#1200 = LINE('', #1199, #1198);
#1201 = DIRECTION('', (0., 1., 0.));
#1202 = VECTOR('', #1201, 1.);
#1203 = CARTESIAN_POINT('', (48.22500001, 14., 18.5));
#1204 = LINE('', #1203, #1202);
#1205 = DIRECTION('', (-1., -0., 0.));
#1206 = VECTOR('', #1205, 1.);
#1207 = CARTESIAN_POINT('', (48.22500001, 28.5, 18.5));
#1208 = LINE('', #1207, #1206);
#1209 = DIRECTION('', (-0., -1., 0.));
#1210 = VECTOR('', #1209, 1.);
#1211 = CARTESIAN_POINT('', (33.72500001, 28.5, 18.5));
#1212 = LINE('', #1211, #1210);
#1213 = DIRECTION('', (1., -0., 0.));
#1214 = VECTOR('', #1213, 1.);
#1215 = CARTESIAN_POINT('', (33.725, 14., 18.5));
#1216 = LINE('', #1215, #1214);
#1217 = DIRECTION('', (0., 1., 0.));
#1218 = VECTOR('', #1217, 1.);
#1219 = CARTESIAN_POINT('', (67.27500001, 14., 16.));
#1220 = LINE('', #1219, #1218);
#1221 = DIRECTION('', (0., -0., 1.));
#1222 = VECTOR('', #1221, 1.);
#1223 = CARTESIAN_POINT('', (67.27500001, 28.5, 16.));
#1224 = LINE('', #1223, #1222);
#1225 = DIRECTION('', (0., -0., 1.));
#1226 = VECTOR('', #1225, 1.);
#1227 = CARTESIAN_POINT('', (67.27500001, 14., 16.));
#1228 = LINE('', #1227, #1226);
#1229 = DIRECTION('', (-1., -0., 0.));
#1230 = VECTOR('', #1229, 1.);
#1231 = CARTESIAN_POINT('', (67.27500001, 28.5, 16.));
#1232 = LINE('', #1231, #1230);
#1233 = DIRECTION('', (0., -0., 1.));
#1234 = VECTOR('', #1233, 1.);
#1235 = CARTESIAN_POINT('', (52.77500001, 28.5, 16.));
#1236 = LINE('', #1235, #1234);
#1237 = DIRECTION('', (-0., -1., 0.));
#1238 = VECTOR('', #1237, 1.);
#1239 = CARTESIAN_POINT('', (52.77500001, 28.5, 16.));
#1240 = LINE('', #1239, #1238);
#1241 = DIRECTION('', (0., -0., 1.));
#1242 = VECTOR('', #1241, 1.);
#1243 = CARTESIAN_POINT('', (52.775, 14., 16.));
#1244 = LINE('', #1243, #1242);
#1245 = DIRECTION('', (1., -0., 0.));
#1246 = VECTOR('', #1245, 1.);
#1247 = CARTESIAN_POINT('', (52.775, 14., 16.));
#1248 = LINE('', #1247, #1246);
#1249 = DIRECTION('', (0., 1., 0.));
#1250 = VECTOR('', #1249, 1.);
#1251 = CARTESIAN_POINT('', (67.27500001, 14., 18.5));
#1252 = LINE('', #1251, #1250);
#1253 = DIRECTION('', (-1., -0., 0.));
#1254 = VECTOR('', #1253, 1.);
#1255 = CARTESIAN_POINT('', (67.27500001, 28.5, 18.5));
#1256 = LINE('', #1255, #1254);
#1257 = DIRECTION('', (-0., -1., 0.));
#1258 = VECTOR('', #1257, 1.);
#1259 = CARTESIAN_POINT('', (52.77500001, 28.5, 18.5));
#1260 = LINE('', #1259, #1258);
#1261 = DIRECTION('', (1., -0., 0.));
#1262 = VECTOR('', #1261, 1.);
#1263 = CARTESIAN_POINT('', (52.775, 14., 18.5));
#1264 = LINE('', #1263, #1262);
#1265 = DIRECTION('', (0., 1., 0.));
#1266 = VECTOR('', #1265, 1.);
#1267 = CARTESIAN_POINT('', (86.32500001, 14., 16.));
#1268 = LINE('', #1267, #1266);
#1269 = DIRECTION('', (0., -0., 1.));
#1270 = VECTOR('', #1269, 1.);
#1271 = CARTESIAN_POINT('', (86.32500001, 28.5, 16.));
#1272 = LINE('', #1271, #1270);
#1273 = DIRECTION('', (0., -0., 1.));
#1274 = VECTOR('', #1273, 1.);
#1275 = CARTESIAN_POINT('', (86.32500001, 14., 16.));
#1276 = LINE('', #1275, #1274);
#1277 = DIRECTION('', (-1., -0., 0.));
#1278 = VECTOR('', #1277, 1.);
#1279 = CARTESIAN_POINT('', (86.32500001, 28.5, 16.));
#1280 = LINE('', #1279, #1278);
#1281 = DIRECTION('', (0., -0., 1.));
#1282 = VECTOR('', #1281, 1.);
#1283 = CARTESIAN_POINT('', (71.82500001, 28.5, 16.));
#1284 = LINE('', #1283, #1282);
#1285 = DIRECTION('', (-0., -1., 0.));
#1286 = VECTOR('', #1285, 1.);
#1287 = CARTESIAN_POINT('', (71.82500001, 28.5, 16.));
#1288 = LINE('', #1287, #1286);
#1289 = DIRECTION('', (0., -0., 1.));
#1290 = VECTOR('', #1289, 1.);
#1291 = CARTESIAN_POINT('', (71.825, 14., 16.));
#1292 = LINE('', #1291, #1290);
#1293 = DIRECTION('', (1., -0., 0.));
#1294 = VECTOR('', #1293, 1.);
#1295 = CARTESIAN_POINT('', (71.825, 14., 16.));
#1296 = LINE('', #1295, #1294);
#1297 = DIRECTION('', (0., 1., 0.));
#1298 = VECTOR('', #1297, 1.);
#1299 = CARTESIAN_POINT('', (86.32500001, 14., 18.5));
#1300 = LINE('', #1299, #1298);
#1301 = DIRECTION('', (-1., -0., 0.));
#1302 = VECTOR('', #1301, 1.);
#1303 = CARTESIAN_POINT('', (86.32500001, 28.5, 18.5));
#1304 = LINE('', #1303, #1302);
#1305 = DIRECTION('', (-0., -1., 0.));
#1306 = VECTOR('', #1305, 1.);
#1307 = CARTESIAN_POINT('', (71.82500001, 28.5, 18.5));
#1308 = LINE('', #1307, #1306);
#1309 = DIRECTION('', (1., -0., 0.));
#1310 = VECTOR('', #1309, 1.);
#1311 = CARTESIAN_POINT('', (71.825, 14., 18.5));
#1312 = LINE('', #1311, #1310);
#1313 = DIRECTION('', (1., -0., 0.));
#1314 = DIRECTION('', (-0., -0., 1.));
#1315 = CARTESIAN_POINT('', (5., 35.5, 16.));
#1316 = AXIS2_PLACEMENT_3D('', #1315, #1314, #1313);
#1317 = CIRCLE('', #1316, 1.7);
#1318 = DIRECTION('', (0., -0., 1.));
#1319 = VECTOR('', #1318, 1.);
#1320 = CARTESIAN_POINT('', (6.7, 35.5, 16.));
#1321 = LINE('', #1320, #1319);
#1322 = DIRECTION('', (0., -0., 1.));
#1323 = VECTOR('', #1322, 1.);
#1324 = CARTESIAN_POINT('', (3.3, 35.5, 16.));
#1325 = LINE('', #1324, #1323);
#1326 = DIRECTION('', (-1., 0., 0.));
#1327 = DIRECTION('', (0., 0., 1.));
#1328 = CARTESIAN_POINT('', (5., 35.5, 16.));
#1329 = AXIS2_PLACEMENT_3D('', #1328, #1327, #1326);
#1330 = CIRCLE('', #1329, 1.7);
#1331 = DIRECTION('', (1., -0., 0.));
#1332 = DIRECTION('', (-0., -0., 1.));
#1333 = CARTESIAN_POINT('', (5., 35.5, 18.5));
#1334 = AXIS2_PLACEMENT_3D('', #1333, #1332, #1331);
#1335 = CIRCLE('', #1334, 1.7);
#1336 = DIRECTION('', (1., 0., 0.));
#1337 = DIRECTION('', (0., -0., -1.));
#1338 = CARTESIAN_POINT('', (5., 35.5, 18.5));
#1339 = AXIS2_PLACEMENT_3D('', #1338, #1337, #1336);
#1340 = CIRCLE('', #1339, 1.7);
#1341 = DIRECTION('', (0., -1., 0.));
#1342 = DIRECTION('', (-0., -0., 1.));
#1343 = CARTESIAN_POINT('', (5., 35.5, 16.));
#1344 = AXIS2_PLACEMENT_3D('', #1343, #1342, #1341);
#1345 = CIRCLE('', #1344, 1.7);
#1346 = DIRECTION('', (0., 1., 0.));
#1347 = DIRECTION('', (0., -0., 1.));
#1348 = CARTESIAN_POINT('', (5., 35.5, 16.));
#1349 = AXIS2_PLACEMENT_3D('', #1348, #1347, #1346);
#1350 = CIRCLE('', #1349, 1.7);
#1351 = DIRECTION('', (0.00000001, -1., 0.));
#1352 = DIRECTION('', (-0., -0., -1.));
#1353 = CARTESIAN_POINT('', (5., 35.5, 18.5));
#1354 = AXIS2_PLACEMENT_3D('', #1353, #1352, #1351);
#1355 = CIRCLE('', #1354, 1.7);
#1356 = DIRECTION('', (-0.00000001, 1., 0.));
#1357 = DIRECTION('', (0., -0., 1.));
#1358 = CARTESIAN_POINT('', (5., 35.5, 18.5));
#1359 = AXIS2_PLACEMENT_3D('', #1358, #1357, #1356);
#1360 = CIRCLE('', #1359, 1.7);
#1361 = DIRECTION('', (1., 0., 0.));
#1362 = DIRECTION('', (0., -0., 1.));
#1363 = CARTESIAN_POINT('', (96., 35.5, 16.));
#1364 = AXIS2_PLACEMENT_3D('', #1363, #1362, #1361);
#1365 = CIRCLE('', #1364, 1.7);
#1366 = DIRECTION('', (0., -0., 1.));
#1367 = VECTOR('', #1366, 1.);
#1368 = CARTESIAN_POINT('', (97.7, 35.5, 16.));
#1369 = LINE('', #1368, #1367);
#1370 = DIRECTION('', (0., -0., 1.));
#1371 = VECTOR('', #1370, 1.);
#1372 = CARTESIAN_POINT('', (94.3, 35.5, 16.));
#1373 = LINE('', #1372, #1371);
#1374 = DIRECTION('', (-1., -0., 0.));
#1375 = DIRECTION('', (0., 0., 1.));
#1376 = CARTESIAN_POINT('', (96., 35.5, 16.));
#1377 = AXIS2_PLACEMENT_3D('', #1376, #1375, #1374);
#1378 = CIRCLE('', #1377, 1.7);
#1379 = DIRECTION('', (1., -0., 0.));
#1380 = DIRECTION('', (-0., -0., 1.));
#1381 = CARTESIAN_POINT('', (96., 35.5, 18.5));
#1382 = AXIS2_PLACEMENT_3D('', #1381, #1380, #1379);
#1383 = CIRCLE('', #1382, 1.7);
#1384 = DIRECTION('', (1., 0., 0.));
#1385 = DIRECTION('', (0., -0., -1.));
#1386 = CARTESIAN_POINT('', (96., 35.5, 18.5));
#1387 = AXIS2_PLACEMENT_3D('', #1386, #1385, #1384);
#1388 = CIRCLE('', #1387, 1.7);
#1389 = DIRECTION('', (-0., -1., 0.));
#1390 = DIRECTION('', (0., 0., 1.));
#1391 = CARTESIAN_POINT('', (96., 35.5, 16.));
#1392 = AXIS2_PLACEMENT_3D('', #1391, #1390, #1389);
#1393 = CIRCLE('', #1392, 1.7);
#1394 = DIRECTION('', (-0., 1., 0.));
#1395 = DIRECTION('', (0., -0., 1.));
#1396 = CARTESIAN_POINT('', (96., 35.5, 16.));
#1397 = AXIS2_PLACEMENT_3D('', #1396, #1395, #1394);
#1398 = CIRCLE('', #1397, 1.7);
#1399 = DIRECTION('', (0.00000001, -1., 0.));
#1400 = DIRECTION('', (0., -0., -1.));
#1401 = CARTESIAN_POINT('', (96., 35.5, 18.5));
#1402 = AXIS2_PLACEMENT_3D('', #1401, #1400, #1399);
#1403 = CIRCLE('', #1402, 1.7);
#1404 = DIRECTION('', (-0.00000001, 1., 0.));
#1405 = DIRECTION('', (0., -0., 1.));
#1406 = CARTESIAN_POINT('', (96., 35.5, 18.5));
#1407 = AXIS2_PLACEMENT_3D('', #1406, #1405, #1404);
#1408 = CIRCLE('', #1407, 1.7);
#1409 = EDGE_CURVE('', #6, #8, #352, .T.);
#1410 = EDGE_CURVE('', #8, #10, #356, .T.);
#1411 = EDGE_CURVE('', #12, #10, #360, .T.);
#1412 = EDGE_CURVE('', #6, #12, #364, .T.);
#1413 = EDGE_CURVE('', #8, #14, #368, .T.);
#1414 = EDGE_CURVE('', #14, #16, #372, .T.);
#1415 = EDGE_CURVE('', #10, #16, #376, .T.);
#1416 = EDGE_CURVE('', #14, #18, #380, .T.);
#1417 = EDGE_CURVE('', #18, #20, #384, .T.);
#1418 = EDGE_CURVE('', #16, #20, #388, .T.);
#1419 = EDGE_CURVE('', #18, #6, #392, .T.);
#1420 = EDGE_CURVE('', #20, #12, #396, .T.);
#1421 = EDGE_CURVE('', #22, #24, #400, .T.);
#1422 = EDGE_CURVE('', #24, #32, #404, .T.);
#1423 = EDGE_CURVE('', #22, #30, #408, .T.);
#1424 = EDGE_CURVE('', #24, #26, #412, .T.);
#1425 = EDGE_CURVE('', #26, #34, #416, .T.);
#1426 = EDGE_CURVE('', #26, #28, #420, .T.);
#1427 = EDGE_CURVE('', #28, #36, #424, .T.);
#1428 = EDGE_CURVE('', #28, #22, #428, .T.);
#1429 = EDGE_CURVE('', #30, #32, #432, .T.);
#1430 = EDGE_CURVE('', #32, #34, #436, .T.);
#1431 = EDGE_CURVE('', #34, #36, #440, .T.);
#1432 = EDGE_CURVE('', #36, #30, #444, .T.);
#1433 = EDGE_CURVE('', #38, #40, #448, .T.);
#1434 = EDGE_CURVE('', #40, #46, #452, .T.);
#1435 = EDGE_CURVE('', #38, #48, #456, .T.);
#1436 = EDGE_CURVE('', #40, #42, #460, .T.);
#1437 = EDGE_CURVE('', #42, #50, #464, .T.);
#1438 = EDGE_CURVE('', #42, #44, #468, .T.);
#1439 = EDGE_CURVE('', #44, #52, #472, .T.);
#1440 = EDGE_CURVE('', #44, #38, #476, .T.);
#1441 = EDGE_CURVE('', #46, #48, #480, .T.);
#1442 = EDGE_CURVE('', #50, #46, #484, .T.);
#1443 = EDGE_CURVE('', #52, #50, #488, .T.);
#1444 = EDGE_CURVE('', #48, #52, #492, .T.);
#1445 = EDGE_CURVE('', #54, #56, #497, .T.);
#1446 = EDGE_CURVE('', #56, #54, #502, .T.);
#1447 = EDGE_CURVE('', #58, #64, #507, .T.);
#1448 = EDGE_CURVE('', #58, #62, #512, .T.);
#1449 = EDGE_CURVE('', #62, #60, #517, .T.);
#1450 = EDGE_CURVE('', #64, #60, #522, .T.);
#1451 = EDGE_CURVE('', #60, #56, #526, .T.);
#1452 = EDGE_CURVE('', #58, #54, #530, .T.);
#1453 = EDGE_CURVE('', #66, #68, #535, .T.);
#1454 = EDGE_CURVE('', #68, #66, #540, .T.);
#1455 = EDGE_CURVE('', #70, #76, #545, .T.);
#1456 = EDGE_CURVE('', #70, #74, #550, .T.);
#1457 = EDGE_CURVE('', #74, #72, #555, .T.);
#1458 = EDGE_CURVE('', #76, #72, #560, .T.);
#1459 = EDGE_CURVE('', #72, #68, #564, .T.);
#1460 = EDGE_CURVE('', #70, #66, #568, .T.);
#1461 = EDGE_CURVE('', #78, #80, #573, .T.);
#1462 = EDGE_CURVE('', #80, #78, #578, .T.);
#1463 = EDGE_CURVE('', #82, #88, #583, .T.);
#1464 = EDGE_CURVE('', #82, #86, #588, .T.);
#1465 = EDGE_CURVE('', #86, #84, #593, .T.);
#1466 = EDGE_CURVE('', #88, #84, #598, .T.);
#1467 = EDGE_CURVE('', #84, #80, #602, .T.);
#1468 = EDGE_CURVE('', #82, #78, #606, .T.);
#1469 = EDGE_CURVE('', #90, #92, #611, .T.);
#1470 = EDGE_CURVE('', #92, #90, #616, .T.);
#1471 = EDGE_CURVE('', #94, #100, #621, .T.);
#1472 = EDGE_CURVE('', #94, #98, #626, .T.);
#1473 = EDGE_CURVE('', #98, #96, #631, .T.);
#1474 = EDGE_CURVE('', #100, #96, #636, .T.);
#1475 = EDGE_CURVE('', #96, #92, #640, .T.);
#1476 = EDGE_CURVE('', #94, #90, #644, .T.);
#1477 = EDGE_CURVE('', #102, #104, #649, .T.);
#1478 = EDGE_CURVE('', #102, #106, #653, .T.);
#1479 = EDGE_CURVE('', #104, #102, #658, .T.);
#1480 = EDGE_CURVE('', #104, #108, #662, .T.);
#1481 = EDGE_CURVE('', #106, #112, #667, .T.);
#1482 = EDGE_CURVE('', #106, #110, #672, .T.);
#1483 = EDGE_CURVE('', #110, #108, #677, .T.);
#1484 = EDGE_CURVE('', #112, #108, #682, .T.);
#1485 = EDGE_CURVE('', #114, #116, #687, .T.);
#1486 = EDGE_CURVE('', #114, #118, #691, .T.);
#1487 = EDGE_CURVE('', #116, #114, #696, .T.);
#1488 = EDGE_CURVE('', #116, #120, #700, .T.);
#1489 = EDGE_CURVE('', #118, #124, #705, .T.);
#1490 = EDGE_CURVE('', #118, #122, #710, .T.);
#1491 = EDGE_CURVE('', #122, #120, #715, .T.);
#1492 = EDGE_CURVE('', #124, #120, #720, .T.);
#1493 = EDGE_CURVE('', #126, #128, #725, .T.);
#1494 = EDGE_CURVE('', #126, #130, #729, .T.);
#1495 = EDGE_CURVE('', #128, #126, #734, .T.);
#1496 = EDGE_CURVE('', #128, #132, #738, .T.);
#1497 = EDGE_CURVE('', #130, #136, #743, .T.);
#1498 = EDGE_CURVE('', #130, #134, #748, .T.);
#1499 = EDGE_CURVE('', #134, #132, #753, .T.);
#1500 = EDGE_CURVE('', #136, #132, #758, .T.);
#1501 = EDGE_CURVE('', #138, #140, #763, .T.);
#1502 = EDGE_CURVE('', #138, #142, #767, .T.);
#1503 = EDGE_CURVE('', #140, #138, #772, .T.);
#1504 = EDGE_CURVE('', #140, #144, #776, .T.);
#1505 = EDGE_CURVE('', #142, #148, #781, .T.);
#1506 = EDGE_CURVE('', #142, #146, #786, .T.);
#1507 = EDGE_CURVE('', #146, #144, #791, .T.);
#1508 = EDGE_CURVE('', #148, #144, #796, .T.);
#1509 = EDGE_CURVE('', #150, #152, #801, .T.);
#1510 = EDGE_CURVE('', #150, #158, #805, .T.);
#1511 = EDGE_CURVE('', #152, #150, #810, .T.);
#1512 = EDGE_CURVE('', #152, #160, #814, .T.);
#1513 = EDGE_CURVE('', #154, #156, #819, .T.);
#1514 = EDGE_CURVE('', #154, #162, #823, .T.);
#1515 = EDGE_CURVE('', #156, #154, #828, .T.);
#1516 = EDGE_CURVE('', #156, #164, #832, .T.);
#1517 = EDGE_CURVE('', #158, #168, #837, .T.);
#1518 = EDGE_CURVE('', #158, #166, #842, .T.);
#1519 = EDGE_CURVE('', #162, #172, #847, .T.);
#1520 = EDGE_CURVE('', #162, #170, #852, .T.);
#1521 = EDGE_CURVE('', #166, #160, #857, .T.);
#1522 = EDGE_CURVE('', #168, #160, #862, .T.);
#1523 = EDGE_CURVE('', #170, #164, #867, .T.);
#1524 = EDGE_CURVE('', #172, #164, #872, .T.);
#1525 = EDGE_CURVE('', #174, #178, #877, .T.);
#1526 = EDGE_CURVE('', #174, #176, #881, .T.);
#1527 = EDGE_CURVE('', #176, #180, #886, .T.);
#1528 = EDGE_CURVE('', #178, #174, #891, .T.);
#1529 = EDGE_CURVE('', #180, #176, #896, .T.);
#1530 = EDGE_CURVE('', #178, #180, #900, .T.);
#1531 = EDGE_CURVE('', #182, #192, #905, .T.);
#1532 = EDGE_CURVE('', #182, #186, #909, .T.);
#1533 = EDGE_CURVE('', #184, #188, #913, .T.);
#1534 = EDGE_CURVE('', #184, #190, #918, .T.);
#1535 = EDGE_CURVE('', #186, #196, #923, .T.);
#1536 = EDGE_CURVE('', #186, #194, #928, .T.);
#1537 = EDGE_CURVE('', #190, #182, #933, .T.);
#1538 = EDGE_CURVE('', #192, #184, #938, .T.);
#1539 = EDGE_CURVE('', #194, #188, #943, .T.);
#1540 = EDGE_CURVE('', #196, #188, #948, .T.);
#1541 = EDGE_CURVE('', #198, #202, #953, .T.);
#1542 = EDGE_CURVE('', #198, #200, #957, .T.);
#1543 = EDGE_CURVE('', #200, #204, #962, .T.);
#1544 = EDGE_CURVE('', #202, #198, #967, .T.);
#1545 = EDGE_CURVE('', #204, #200, #972, .T.);
#1546 = EDGE_CURVE('', #202, #204, #976, .T.);
#1547 = EDGE_CURVE('', #206, #216, #981, .T.);
#1548 = EDGE_CURVE('', #206, #210, #985, .T.);
#1549 = EDGE_CURVE('', #208, #212, #989, .T.);
#1550 = EDGE_CURVE('', #208, #214, #994, .T.);
#1551 = EDGE_CURVE('', #210, #220, #999, .T.);
#1552 = EDGE_CURVE('', #210, #218, #1004, .T.);
#1553 = EDGE_CURVE('', #214, #206, #1009, .T.);
#1554 = EDGE_CURVE('', #216, #208, #1014, .T.);
#1555 = EDGE_CURVE('', #218, #212, #1019, .T.);
#1556 = EDGE_CURVE('', #220, #212, #1024, .T.);
#1557 = EDGE_CURVE('', #222, #224, #1028, .T.);
#1558 = EDGE_CURVE('', #224, #226, #1032, .T.);
#1559 = EDGE_CURVE('', #228, #226, #1036, .T.);
#1560 = EDGE_CURVE('', #222, #228, #1040, .T.);
#1561 = EDGE_CURVE('', #224, #230, #1044, .T.);
#1562 = EDGE_CURVE('', #230, #232, #1048, .T.);
#1563 = EDGE_CURVE('', #226, #232, #1052, .T.);
#1564 = EDGE_CURVE('', #230, #234, #1056, .T.);
#1565 = EDGE_CURVE('', #234, #236, #1060, .T.);
#1566 = EDGE_CURVE('', #232, #236, #1064, .T.);
#1567 = EDGE_CURVE('', #234, #222, #1068, .T.);
#1568 = EDGE_CURVE('', #236, #228, #1072, .T.);
#1569 = EDGE_CURVE('', #238, #240, #1076, .T.);
#1570 = EDGE_CURVE('', #240, #248, #1080, .T.);
#1571 = EDGE_CURVE('', #238, #246, #1084, .T.);
#1572 = EDGE_CURVE('', #240, #242, #1088, .T.);
#1573 = EDGE_CURVE('', #242, #250, #1092, .T.);
#1574 = EDGE_CURVE('', #242, #244, #1096, .T.);
#1575 = EDGE_CURVE('', #244, #252, #1100, .T.);
#1576 = EDGE_CURVE('', #244, #238, #1104, .T.);
#1577 = EDGE_CURVE('', #246, #248, #1108, .T.);
#1578 = EDGE_CURVE('', #248, #250, #1112, .T.);
#1579 = EDGE_CURVE('', #250, #252, #1116, .T.);
#1580 = EDGE_CURVE('', #252, #246, #1120, .T.);
#1581 = EDGE_CURVE('', #254, #256, #1124, .T.);
#1582 = EDGE_CURVE('', #256, #264, #1128, .T.);
#1583 = EDGE_CURVE('', #254, #262, #1132, .T.);
#1584 = EDGE_CURVE('', #256, #258, #1136, .T.);
#1585 = EDGE_CURVE('', #258, #266, #1140, .T.);
#1586 = EDGE_CURVE('', #258, #260, #1144, .T.);
#1587 = EDGE_CURVE('', #260, #268, #1148, .T.);
#1588 = EDGE_CURVE('', #260, #254, #1152, .T.);
#1589 = EDGE_CURVE('', #262, #264, #1156, .T.);
#1590 = EDGE_CURVE('', #264, #266, #1160, .T.);
#1591 = EDGE_CURVE('', #266, #268, #1164, .T.);
#1592 = EDGE_CURVE('', #268, #262, #1168, .T.);
#1593 = EDGE_CURVE('', #270, #272, #1172, .T.);
#1594 = EDGE_CURVE('', #272, #280, #1176, .T.);
#1595 = EDGE_CURVE('', #270, #278, #1180, .T.);
#1596 = EDGE_CURVE('', #272, #274, #1184, .T.);
#1597 = EDGE_CURVE('', #274, #282, #1188, .T.);
#1598 = EDGE_CURVE('', #274, #276, #1192, .T.);
#1599 = EDGE_CURVE('', #276, #284, #1196, .T.);
#1600 = EDGE_CURVE('', #276, #270, #1200, .T.);
#1601 = EDGE_CURVE('', #278, #280, #1204, .T.);
#1602 = EDGE_CURVE('', #280, #282, #1208, .T.);
#1603 = EDGE_CURVE('', #282, #284, #1212, .T.);
#1604 = EDGE_CURVE('', #284, #278, #1216, .T.);
#1605 = EDGE_CURVE('', #286, #288, #1220, .T.);
#1606 = EDGE_CURVE('', #288, #296, #1224, .T.);
#1607 = EDGE_CURVE('', #286, #294, #1228, .T.);
#1608 = EDGE_CURVE('', #288, #290, #1232, .T.);
#1609 = EDGE_CURVE('', #290, #298, #1236, .T.);
#1610 = EDGE_CURVE('', #290, #292, #1240, .T.);
#1611 = EDGE_CURVE('', #292, #300, #1244, .T.);
#1612 = EDGE_CURVE('', #292, #286, #1248, .T.);
#1613 = EDGE_CURVE('', #294, #296, #1252, .T.);
#1614 = EDGE_CURVE('', #296, #298, #1256, .T.);
#1615 = EDGE_CURVE('', #298, #300, #1260, .T.);
#1616 = EDGE_CURVE('', #300, #294, #1264, .T.);
#1617 = EDGE_CURVE('', #302, #304, #1268, .T.);
#1618 = EDGE_CURVE('', #304, #312, #1272, .T.);
#1619 = EDGE_CURVE('', #302, #310, #1276, .T.);
#1620 = EDGE_CURVE('', #304, #306, #1280, .T.);
#1621 = EDGE_CURVE('', #306, #314, #1284, .T.);
#1622 = EDGE_CURVE('', #306, #308, #1288, .T.);
#1623 = EDGE_CURVE('', #308, #316, #1292, .T.);
#1624 = EDGE_CURVE('', #308, #302, #1296, .T.);
#1625 = EDGE_CURVE('', #310, #312, #1300, .T.);
#1626 = EDGE_CURVE('', #312, #314, #1304, .T.);
#1627 = EDGE_CURVE('', #314, #316, #1308, .T.);
#1628 = EDGE_CURVE('', #316, #310, #1312, .T.);
#1629 = EDGE_CURVE('', #318, #328, #1317, .T.);
#1630 = EDGE_CURVE('', #318, #322, #1321, .T.);
#1631 = EDGE_CURVE('', #320, #324, #1325, .T.);
#1632 = EDGE_CURVE('', #320, #326, #1330, .T.);
#1633 = EDGE_CURVE('', #322, #332, #1335, .T.);
#1634 = EDGE_CURVE('', #322, #330, #1340, .T.);
#1635 = EDGE_CURVE('', #326, #318, #1345, .T.);
#1636 = EDGE_CURVE('', #328, #320, #1350, .T.);
#1637 = EDGE_CURVE('', #330, #324, #1355, .T.);
#1638 = EDGE_CURVE('', #332, #324, #1360, .T.);
#1639 = EDGE_CURVE('', #334, #344, #1365, .T.);
#1640 = EDGE_CURVE('', #334, #338, #1369, .T.);
#1641 = EDGE_CURVE('', #336, #340, #1373, .T.);
#1642 = EDGE_CURVE('', #336, #342, #1378, .T.);
#1643 = EDGE_CURVE('', #338, #348, #1383, .T.);
#1644 = EDGE_CURVE('', #338, #346, #1388, .T.);
#1645 = EDGE_CURVE('', #342, #334, #1393, .T.);
#1646 = EDGE_CURVE('', #344, #336, #1398, .T.);
#1647 = EDGE_CURVE('', #346, #340, #1403, .T.);
#1648 = EDGE_CURVE('', #348, #340, #1408, .T.);
#1649 = CARTESIAN_POINT('', (101.00000001, 35.49999999, 8.));
#1650 = DIRECTION('', (1., -0., 0.));
#1651 = AXIS2_PLACEMENT_3D('', #1649, #1650, $);
#1652 = PLANE('', #1651);
#1653 = CARTESIAN_POINT('', (50.50000001, 70.99999998, 8.));
#1654 = DIRECTION('', (-0., 1., 0.));
#1655 = AXIS2_PLACEMENT_3D('', #1653, #1654, $);
#1656 = PLANE('', #1655);
#1657 = CARTESIAN_POINT('', (0., 35.49999999, 8.));
#1658 = DIRECTION('', (-1., -0., 0.));
#1659 = AXIS2_PLACEMENT_3D('', #1657, #1658, $);
#1660 = PLANE('', #1659);
#1661 = CARTESIAN_POINT('', (50.50000001, -0.00000001, 8.));
#1662 = DIRECTION('', (-0., -1., 0.));
#1663 = AXIS2_PLACEMENT_3D('', #1661, #1662, $);
#1664 = PLANE('', #1663);
#1665 = CARTESIAN_POINT('', (0., 0., 0.));
#1666 = DIRECTION('', (0., -0., 1.));
#1667 = AXIS2_PLACEMENT_3D('', #1665, #1666, $);
#1668 = PLANE('', #1667);
#1669 = CARTESIAN_POINT('', (0., 0., 16.));
#1670 = DIRECTION('', (0., -0., 1.));
#1671 = AXIS2_PLACEMENT_3D('', #1669, #1670, $);
#1672 = PLANE('', #1671);
#1673 = CARTESIAN_POINT('', (98.60000001, 35.49999999, 10.));
#1674 = DIRECTION('', (1., -0., 0.));
#1675 = AXIS2_PLACEMENT_3D('', #1673, #1674, $);
#1676 = PLANE('', #1675);
#1677 = CARTESIAN_POINT('', (50.50000001, 68.59999998, 10.));
#1678 = DIRECTION('', (-0., 1., 0.));
#1679 = AXIS2_PLACEMENT_3D('', #1677, #1678, $);
#1680 = PLANE('', #1679);
#1681 = CARTESIAN_POINT('', (2.4, 35.49999999, 10.));
#1682 = DIRECTION('', (-1., -0., 0.));
#1683 = AXIS2_PLACEMENT_3D('', #1681, #1682, $);
#1684 = PLANE('', #1683);
#1685 = CARTESIAN_POINT('', (50.50000001, 2.39999999, 10.));
#1686 = DIRECTION('', (-0., -1., 0.));
#1687 = AXIS2_PLACEMENT_3D('', #1685, #1686, $);
#1688 = PLANE('', #1687);
#1689 = CARTESIAN_POINT('', (0., 0., 2.));
#1690 = DIRECTION('', (0., -0., 1.));
#1691 = AXIS2_PLACEMENT_3D('', #1689, #1690, $);
#1692 = PLANE('', #1691);
#1693 = CARTESIAN_POINT('', (57.50000001, 69.3, 7.5));
#1694 = DIRECTION('', (1., -0., -0.));
#1695 = AXIS2_PLACEMENT_3D('', #1693, #1694, $);
#1696 = PLANE('', #1695);
#1697 = CARTESIAN_POINT('', (50.50000001, 69.3, 11.));
#1698 = DIRECTION('', (0., 0., 1.));
#1699 = AXIS2_PLACEMENT_3D('', #1697, #1698, $);
#1700 = PLANE('', #1699);
#1701 = CARTESIAN_POINT('', (43.50000001, 69.3, 7.5));
#1702 = DIRECTION('', (-1., 0., 0.));
#1703 = AXIS2_PLACEMENT_3D('', #1701, #1702, $);
#1704 = PLANE('', #1703);
#1705 = CARTESIAN_POINT('', (50.5, 69.3, 4.));
#1706 = DIRECTION('', (0., -0., -1.));
#1707 = AXIS2_PLACEMENT_3D('', #1705, #1706, $);
#1708 = PLANE('', #1707);
#1709 = CARTESIAN_POINT('', (7., 7., 4.75));
#1710 = DIRECTION('', (0., -0., 1.));
#1711 = DIRECTION('', (1., 0., 0.));
#1712 = AXIS2_PLACEMENT_3D('', #1709, #1710, #1711);
#1713 = CYLINDRICAL_SURFACE('', #1712, 4.);
#1714 = CARTESIAN_POINT('', (0., 0., 8.));
#1715 = DIRECTION('', (0., -0., 1.));
#1716 = AXIS2_PLACEMENT_3D('', #1714, #1715, $);
#1717 = PLANE('', #1716);
#1718 = CARTESIAN_POINT('', (94., 7., 4.75));
#1719 = DIRECTION('', (0., -0., 1.));
#1720 = DIRECTION('', (1., 0., 0.));
#1721 = AXIS2_PLACEMENT_3D('', #1718, #1719, #1720);
#1722 = CYLINDRICAL_SURFACE('', #1721, 4.);
#1723 = CARTESIAN_POINT('', (0., 0., 8.));
#1724 = DIRECTION('', (0., -0., 1.));
#1725 = AXIS2_PLACEMENT_3D('', #1723, #1724, $);
#1726 = PLANE('', #1725);
#1727 = CARTESIAN_POINT('', (94., 64., 4.75));
#1728 = DIRECTION('', (0., -0., 1.));
#1729 = DIRECTION('', (1., 0., 0.));
#1730 = AXIS2_PLACEMENT_3D('', #1727, #1728, #1729);
#1731 = CYLINDRICAL_SURFACE('', #1730, 4.);
#1732 = CARTESIAN_POINT('', (0., 0., 8.));
#1733 = DIRECTION('', (0., -0., 1.));
#1734 = AXIS2_PLACEMENT_3D('', #1732, #1733, $);
#1735 = PLANE('', #1734);
#1736 = CARTESIAN_POINT('', (7., 64., 4.75));
#1737 = DIRECTION('', (0., -0., 1.));
#1738 = DIRECTION('', (1., 0., 0.));
#1739 = AXIS2_PLACEMENT_3D('', #1736, #1737, #1738);
#1740 = CYLINDRICAL_SURFACE('', #1739, 4.);
#1741 = CARTESIAN_POINT('', (0., 0., 8.));
#1742 = DIRECTION('', (0., -0., 1.));
#1743 = AXIS2_PLACEMENT_3D('', #1741, #1742, $);
#1744 = PLANE('', #1743);
#1745 = CARTESIAN_POINT('', (7., 7., 5.));
#1746 = DIRECTION('', (0., -0., 1.));
#1747 = DIRECTION('', (1., 0., 0.));
#1748 = AXIS2_PLACEMENT_3D('', #1745, #1746, #1747);
#1749 = CYLINDRICAL_SURFACE('', #1748, 1.6);
#1750 = CARTESIAN_POINT('', (0., 0., 1.5));
#1751 = DIRECTION('', (0., -0., 1.));
#1752 = AXIS2_PLACEMENT_3D('', #1750, #1751, $);
#1753 = PLANE('', #1752);
#1754 = CARTESIAN_POINT('', (94., 7., 5.));
#1755 = DIRECTION('', (0., -0., 1.));
#1756 = DIRECTION('', (1., 0., 0.));
#1757 = AXIS2_PLACEMENT_3D('', #1754, #1755, #1756);
#1758 = CYLINDRICAL_SURFACE('', #1757, 1.6);
#1759 = CARTESIAN_POINT('', (0., 0., 1.5));
#1760 = DIRECTION('', (0., -0., 1.));
#1761 = AXIS2_PLACEMENT_3D('', #1759, #1760, $);
#1762 = PLANE('', #1761);
#1763 = CARTESIAN_POINT('', (94., 64., 5.));
#1764 = DIRECTION('', (0., -0., 1.));
#1765 = DIRECTION('', (1., 0., 0.));
#1766 = AXIS2_PLACEMENT_3D('', #1763, #1764, #1765);
#1767 = CYLINDRICAL_SURFACE('', #1766, 1.6);
#1768 = CARTESIAN_POINT('', (0., 0., 1.5));
#1769 = DIRECTION('', (0., -0., 1.));
#1770 = AXIS2_PLACEMENT_3D('', #1768, #1769, $);
#1771 = PLANE('', #1770);
#1772 = CARTESIAN_POINT('', (7., 64., 5.));
#1773 = DIRECTION('', (0., -0., 1.));
#1774 = DIRECTION('', (1., 0., 0.));
#1775 = AXIS2_PLACEMENT_3D('', #1772, #1773, #1774);
#1776 = CYLINDRICAL_SURFACE('', #1775, 1.6);
#1777 = CARTESIAN_POINT('', (0., 0., 1.5));
#1778 = DIRECTION('', (0., -0., 1.));
#1779 = AXIS2_PLACEMENT_3D('', #1777, #1778, $);
#1780 = PLANE('', #1779);
#1781 = CARTESIAN_POINT('', (5., 35.5, 9.));
#1782 = DIRECTION('', (0., -0., 1.));
#1783 = DIRECTION('', (1., 0., 0.));
#1784 = AXIS2_PLACEMENT_3D('', #1781, #1782, #1783);
#1785 = CYLINDRICAL_SURFACE('', #1784, 1.4);
#1786 = CARTESIAN_POINT('', (0., 0., 1.5));
#1787 = DIRECTION('', (0., -0., 1.));
#1788 = AXIS2_PLACEMENT_3D('', #1786, #1787, $);
#1789 = PLANE('', #1788);
#1790 = CARTESIAN_POINT('', (96., 35.5, 9.));
#1791 = DIRECTION('', (-0., -0., 1.));
#1792 = DIRECTION('', (1., -0., 0.));
#1793 = AXIS2_PLACEMENT_3D('', #1790, #1791, #1792);
#1794 = CYLINDRICAL_SURFACE('', #1793, 1.4);
#1795 = CARTESIAN_POINT('', (0., 0., 1.5));
#1796 = DIRECTION('', (0., -0., 1.));
#1797 = AXIS2_PLACEMENT_3D('', #1795, #1796, $);
#1798 = PLANE('', #1797);
#1799 = CARTESIAN_POINT('', (5., 35.5, 8.75));
#1800 = DIRECTION('', (0., -0., 1.));
#1801 = DIRECTION('', (1., 0., 0.));
#1802 = AXIS2_PLACEMENT_3D('', #1799, #1800, #1801);
#1803 = CYLINDRICAL_SURFACE('', #1802, 3.5);
#1804 = CARTESIAN_POINT('', (0., 0., 1.5));
#1805 = DIRECTION('', (0., -0., 1.));
#1806 = AXIS2_PLACEMENT_3D('', #1804, #1805, $);
#1807 = PLANE('', #1806);
#1808 = CARTESIAN_POINT('', (0., 0., 16.));
#1809 = DIRECTION('', (0., -0., 1.));
#1810 = AXIS2_PLACEMENT_3D('', #1808, #1809, $);
#1811 = PLANE('', #1810);
#1812 = CARTESIAN_POINT('', (5., 35.5, 9.));
#1813 = DIRECTION('', (0., -0., 1.));
#1814 = DIRECTION('', (1., 0., 0.));
#1815 = AXIS2_PLACEMENT_3D('', #1812, #1813, #1814);
#1816 = CYLINDRICAL_SURFACE('', #1815, 1.4);
#1817 = CARTESIAN_POINT('', (96., 35.5, 8.75));
#1818 = DIRECTION('', (0., -0., 1.));
#1819 = DIRECTION('', (1., 0., 0.));
#1820 = AXIS2_PLACEMENT_3D('', #1817, #1818, #1819);
#1821 = CYLINDRICAL_SURFACE('', #1820, 3.5);
#1822 = CARTESIAN_POINT('', (0., 0., 1.5));
#1823 = DIRECTION('', (0., -0., 1.));
#1824 = AXIS2_PLACEMENT_3D('', #1822, #1823, $);
#1825 = PLANE('', #1824);
#1826 = CARTESIAN_POINT('', (0., 0., 16.));
#1827 = DIRECTION('', (0., -0., 1.));
#1828 = AXIS2_PLACEMENT_3D('', #1826, #1827, $);
#1829 = PLANE('', #1828);
#1830 = CARTESIAN_POINT('', (96., 35.5, 9.));
#1831 = DIRECTION('', (-0., -0., 1.));
#1832 = DIRECTION('', (1., -0., 0.));
#1833 = AXIS2_PLACEMENT_3D('', #1830, #1831, #1832);
#1834 = CYLINDRICAL_SURFACE('', #1833, 1.4);
#1835 = CARTESIAN_POINT('', (101.00000001, 35.49999999, 17.25));
#1836 = DIRECTION('', (1., -0., 0.));
#1837 = AXIS2_PLACEMENT_3D('', #1835, #1836, $);
#1838 = PLANE('', #1837);
#1839 = CARTESIAN_POINT('', (50.50000001, 70.99999998, 17.25));
#1840 = DIRECTION('', (-0., 1., 0.));
#1841 = AXIS2_PLACEMENT_3D('', #1839, #1840, $);
#1842 = PLANE('', #1841);
#1843 = CARTESIAN_POINT('', (0., 35.49999999, 17.25));
#1844 = DIRECTION('', (-1., -0., 0.));
#1845 = AXIS2_PLACEMENT_3D('', #1843, #1844, $);
#1846 = PLANE('', #1845);
#1847 = CARTESIAN_POINT('', (50.50000001, -0.00000001, 17.25));
#1848 = DIRECTION('', (-0., -1., 0.));
#1849 = AXIS2_PLACEMENT_3D('', #1847, #1848, $);
#1850 = PLANE('', #1849);
#1851 = CARTESIAN_POINT('', (0., 0., 16.));
#1852 = DIRECTION('', (0., -0., 1.));
#1853 = AXIS2_PLACEMENT_3D('', #1851, #1852, $);
#1854 = PLANE('', #1853);
#1855 = CARTESIAN_POINT('', (0., 0., 18.5));
#1856 = DIRECTION('', (0., -0., 1.));
#1857 = AXIS2_PLACEMENT_3D('', #1855, #1856, $);
#1858 = PLANE('', #1857);
#1859 = CARTESIAN_POINT('', (79.50000001, 50.5, 17.75));
#1860 = DIRECTION('', (1., -0., 0.));
#1861 = AXIS2_PLACEMENT_3D('', #1859, #1860, $);
#1862 = PLANE('', #1861);
#1863 = CARTESIAN_POINT('', (50.50000001, 61., 17.75));
#1864 = DIRECTION('', (0., 1., -0.));
#1865 = AXIS2_PLACEMENT_3D('', #1863, #1864, $);
#1866 = PLANE('', #1865);
#1867 = CARTESIAN_POINT('', (21.50000001, 50.5, 17.75));
#1868 = DIRECTION('', (-1., 0., 0.));
#1869 = AXIS2_PLACEMENT_3D('', #1867, #1868, $);
#1870 = PLANE('', #1869);
#1871 = CARTESIAN_POINT('', (50.5, 40., 17.75));
#1872 = DIRECTION('', (0., -1., 0.));
#1873 = AXIS2_PLACEMENT_3D('', #1871, #1872, $);
#1874 = PLANE('', #1873);
#1875 = CARTESIAN_POINT('', (29.17500001, 21.25, 17.75));
#1876 = DIRECTION('', (1., -0., 0.));
#1877 = AXIS2_PLACEMENT_3D('', #1875, #1876, $);
#1878 = PLANE('', #1877);
#1879 = CARTESIAN_POINT('', (21.92500001, 28.5, 17.75));
#1880 = DIRECTION('', (0., 1., -0.));
#1881 = AXIS2_PLACEMENT_3D('', #1879, #1880, $);
#1882 = PLANE('', #1881);
#1883 = CARTESIAN_POINT('', (14.67500001, 21.25, 17.75));
#1884 = DIRECTION('', (-1., 0., 0.));
#1885 = AXIS2_PLACEMENT_3D('', #1883, #1884, $);
#1886 = PLANE('', #1885);
#1887 = CARTESIAN_POINT('', (21.925, 14., 17.75));
#1888 = DIRECTION('', (0., -1., 0.));
#1889 = AXIS2_PLACEMENT_3D('', #1887, #1888, $);
#1890 = PLANE('', #1889);
#1891 = CARTESIAN_POINT('', (48.22500001, 21.25, 17.75));
#1892 = DIRECTION('', (1., -0., 0.));
#1893 = AXIS2_PLACEMENT_3D('', #1891, #1892, $);
#1894 = PLANE('', #1893);
#1895 = CARTESIAN_POINT('', (40.97500001, 28.5, 17.75));
#1896 = DIRECTION('', (0., 1., -0.));
#1897 = AXIS2_PLACEMENT_3D('', #1895, #1896, $);
#1898 = PLANE('', #1897);
#1899 = CARTESIAN_POINT('', (33.72500001, 21.25, 17.75));
#1900 = DIRECTION('', (-1., 0., 0.));
#1901 = AXIS2_PLACEMENT_3D('', #1899, #1900, $);
#1902 = PLANE('', #1901);
#1903 = CARTESIAN_POINT('', (40.975, 14., 17.75));
#1904 = DIRECTION('', (0., -1., 0.));
#1905 = AXIS2_PLACEMENT_3D('', #1903, #1904, $);
#1906 = PLANE('', #1905);
#1907 = CARTESIAN_POINT('', (67.27500001, 21.25, 17.75));
#1908 = DIRECTION('', (1., -0., 0.));
#1909 = AXIS2_PLACEMENT_3D('', #1907, #1908, $);
#1910 = PLANE('', #1909);
#1911 = CARTESIAN_POINT('', (60.02500001, 28.5, 17.75));
#1912 = DIRECTION('', (0., 1., -0.));
#1913 = AXIS2_PLACEMENT_3D('', #1911, #1912, $);
#1914 = PLANE('', #1913);
#1915 = CARTESIAN_POINT('', (52.77500001, 21.25, 17.75));
#1916 = DIRECTION('', (-1., 0., 0.));
#1917 = AXIS2_PLACEMENT_3D('', #1915, #1916, $);
#1918 = PLANE('', #1917);
#1919 = CARTESIAN_POINT('', (60.025, 14., 17.75));
#1920 = DIRECTION('', (0., -1., 0.));
#1921 = AXIS2_PLACEMENT_3D('', #1919, #1920, $);
#1922 = PLANE('', #1921);
#1923 = CARTESIAN_POINT('', (86.32500001, 21.25, 17.75));
#1924 = DIRECTION('', (1., -0., 0.));
#1925 = AXIS2_PLACEMENT_3D('', #1923, #1924, $);
#1926 = PLANE('', #1925);
#1927 = CARTESIAN_POINT('', (79.07500001, 28.5, 17.75));
#1928 = DIRECTION('', (0., 1., -0.));
#1929 = AXIS2_PLACEMENT_3D('', #1927, #1928, $);
#1930 = PLANE('', #1929);
#1931 = CARTESIAN_POINT('', (71.82500001, 21.25, 17.75));
#1932 = DIRECTION('', (-1., 0., 0.));
#1933 = AXIS2_PLACEMENT_3D('', #1931, #1932, $);
#1934 = PLANE('', #1933);
#1935 = CARTESIAN_POINT('', (79.075, 14., 17.75));
#1936 = DIRECTION('', (0., -1., 0.));
#1937 = AXIS2_PLACEMENT_3D('', #1935, #1936, $);
#1938 = PLANE('', #1937);
#1939 = CARTESIAN_POINT('', (5., 35.5, 17.75));
#1940 = DIRECTION('', (0., -0., 1.));
#1941 = DIRECTION('', (1., 0., 0.));
#1942 = AXIS2_PLACEMENT_3D('', #1939, #1940, #1941);
#1943 = CYLINDRICAL_SURFACE('', #1942, 1.7);
#1944 = CARTESIAN_POINT('', (96., 35.5, 17.75));
#1945 = DIRECTION('', (-0., -0., 1.));
#1946 = DIRECTION('', (1., -0., 0.));
#1947 = AXIS2_PLACEMENT_3D('', #1944, #1945, #1946);
#1948 = CYLINDRICAL_SURFACE('', #1947, 1.7);
#1949 = ORIENTED_EDGE('', *, *, #1409, .T.);
#1950 = ORIENTED_EDGE('', *, *, #1410, .T.);
#1951 = ORIENTED_EDGE('', *, *, #1411, .F.);
#1952 = ORIENTED_EDGE('', *, *, #1412, .F.);
#1953 = EDGE_LOOP('', (#1949, #1950, #1951, #1952));
#1954 = FACE_BOUND('', #1953, .T.);
#1955 = ADVANCED_FACE('', (#1954), #1652, .T.);
#1956 = ORIENTED_EDGE('', *, *, #1413, .T.);
#1957 = ORIENTED_EDGE('', *, *, #1414, .T.);
#1958 = ORIENTED_EDGE('', *, *, #1415, .F.);
#1959 = ORIENTED_EDGE('', *, *, #1410, .F.);
#1960 = ORIENTED_EDGE('', *, *, #1433, .T.);
#1961 = ORIENTED_EDGE('', *, *, #1436, .T.);
#1962 = ORIENTED_EDGE('', *, *, #1438, .T.);
#1963 = ORIENTED_EDGE('', *, *, #1440, .T.);
#1964 = EDGE_LOOP('', (#1956, #1957, #1958, #1959));
#1965 = FACE_BOUND('', #1964, .T.);
#1966 = EDGE_LOOP('', (#1960, #1961, #1962, #1963));
#1967 = FACE_BOUND('', #1966, .T.);
#1968 = ADVANCED_FACE('', (#1965, #1967), #1656, .T.);
#1969 = ORIENTED_EDGE('', *, *, #1416, .T.);
#1970 = ORIENTED_EDGE('', *, *, #1417, .T.);
#1971 = ORIENTED_EDGE('', *, *, #1418, .F.);
#1972 = ORIENTED_EDGE('', *, *, #1414, .F.);
#1973 = EDGE_LOOP('', (#1969, #1970, #1971, #1972));
#1974 = FACE_BOUND('', #1973, .T.);
#1975 = ADVANCED_FACE('', (#1974), #1660, .T.);
#1976 = ORIENTED_EDGE('', *, *, #1419, .T.);
#1977 = ORIENTED_EDGE('', *, *, #1412, .T.);
#1978 = ORIENTED_EDGE('', *, *, #1420, .F.);
#1979 = ORIENTED_EDGE('', *, *, #1417, .F.);
#1980 = EDGE_LOOP('', (#1976, #1977, #1978, #1979));
#1981 = FACE_BOUND('', #1980, .T.);
#1982 = ADVANCED_FACE('', (#1981), #1664, .T.);
#1983 = ORIENTED_EDGE('', *, *, #1419, .F.);
#1984 = ORIENTED_EDGE('', *, *, #1416, .F.);
#1985 = ORIENTED_EDGE('', *, *, #1413, .F.);
#1986 = ORIENTED_EDGE('', *, *, #1409, .F.);
#1987 = EDGE_LOOP('', (#1983, #1984, #1985, #1986));
#1988 = FACE_BOUND('', #1987, .T.);
#1989 = ADVANCED_FACE('', (#1988), #1668, .F.);
#1990 = ORIENTED_EDGE('', *, *, #1411, .T.);
#1991 = ORIENTED_EDGE('', *, *, #1415, .T.);
#1992 = ORIENTED_EDGE('', *, *, #1418, .T.);
#1993 = ORIENTED_EDGE('', *, *, #1420, .T.);
#1994 = ORIENTED_EDGE('', *, *, #1429, .F.);
#1995 = ORIENTED_EDGE('', *, *, #1432, .F.);
#1996 = ORIENTED_EDGE('', *, *, #1431, .F.);
#1997 = ORIENTED_EDGE('', *, *, #1430, .F.);
#1998 = EDGE_LOOP('', (#1990, #1991, #1992, #1993));
#1999 = FACE_BOUND('', #1998, .T.);
#2000 = EDGE_LOOP('', (#1994, #1995, #1996, #1997));
#2001 = FACE_BOUND('', #2000, .T.);
#2002 = ADVANCED_FACE('', (#1999, #2001), #1672, .T.);
#2003 = ORIENTED_EDGE('', *, *, #1423, .T.);
#2004 = ORIENTED_EDGE('', *, *, #1429, .T.);
#2005 = ORIENTED_EDGE('', *, *, #1422, .F.);
#2006 = ORIENTED_EDGE('', *, *, #1421, .F.);
#2007 = EDGE_LOOP('', (#2003, #2004, #2005, #2006));
#2008 = FACE_BOUND('', #2007, .T.);
#2009 = ADVANCED_FACE('', (#2008), #1676, .F.);
#2010 = ORIENTED_EDGE('', *, *, #1422, .T.);
#2011 = ORIENTED_EDGE('', *, *, #1430, .T.);
#2012 = ORIENTED_EDGE('', *, *, #1425, .F.);
#2013 = ORIENTED_EDGE('', *, *, #1424, .F.);
#2014 = ORIENTED_EDGE('', *, *, #1444, .T.);
#2015 = ORIENTED_EDGE('', *, *, #1443, .T.);
#2016 = ORIENTED_EDGE('', *, *, #1442, .T.);
#2017 = ORIENTED_EDGE('', *, *, #1441, .T.);
#2018 = EDGE_LOOP('', (#2010, #2011, #2012, #2013));
#2019 = FACE_BOUND('', #2018, .T.);
#2020 = EDGE_LOOP('', (#2014, #2015, #2016, #2017));
#2021 = FACE_BOUND('', #2020, .T.);
#2022 = ADVANCED_FACE('', (#2019, #2021), #1680, .F.);
#2023 = ORIENTED_EDGE('', *, *, #1425, .T.);
#2024 = ORIENTED_EDGE('', *, *, #1431, .T.);
#2025 = ORIENTED_EDGE('', *, *, #1427, .F.);
#2026 = ORIENTED_EDGE('', *, *, #1426, .F.);
#2027 = EDGE_LOOP('', (#2023, #2024, #2025, #2026));
#2028 = FACE_BOUND('', #2027, .T.);
#2029 = ADVANCED_FACE('', (#2028), #1684, .F.);
#2030 = ORIENTED_EDGE('', *, *, #1427, .T.);
#2031 = ORIENTED_EDGE('', *, *, #1432, .T.);
#2032 = ORIENTED_EDGE('', *, *, #1423, .F.);
#2033 = ORIENTED_EDGE('', *, *, #1428, .F.);
#2034 = EDGE_LOOP('', (#2030, #2031, #2032, #2033));
#2035 = FACE_BOUND('', #2034, .T.);
#2036 = ADVANCED_FACE('', (#2035), #1688, .F.);
#2037 = ORIENTED_EDGE('', *, *, #1421, .T.);
#2038 = ORIENTED_EDGE('', *, *, #1424, .T.);
#2039 = ORIENTED_EDGE('', *, *, #1426, .T.);
#2040 = ORIENTED_EDGE('', *, *, #1428, .T.);
#2041 = ORIENTED_EDGE('', *, *, #1447, .F.);
#2042 = ORIENTED_EDGE('', *, *, #1448, .T.);
#2043 = ORIENTED_EDGE('', *, *, #1449, .T.);
#2044 = ORIENTED_EDGE('', *, *, #1450, .F.);
#2045 = ORIENTED_EDGE('', *, *, #1455, .F.);
#2046 = ORIENTED_EDGE('', *, *, #1456, .T.);
#2047 = ORIENTED_EDGE('', *, *, #1457, .T.);
#2048 = ORIENTED_EDGE('', *, *, #1458, .F.);
#2049 = ORIENTED_EDGE('', *, *, #1463, .F.);
#2050 = ORIENTED_EDGE('', *, *, #1464, .T.);
#2051 = ORIENTED_EDGE('', *, *, #1465, .T.);
#2052 = ORIENTED_EDGE('', *, *, #1466, .F.);
#2053 = ORIENTED_EDGE('', *, *, #1471, .F.);
#2054 = ORIENTED_EDGE('', *, *, #1472, .T.);
#2055 = ORIENTED_EDGE('', *, *, #1473, .T.);
#2056 = ORIENTED_EDGE('', *, *, #1474, .F.);
#2057 = ORIENTED_EDGE('', *, *, #1517, .F.);
#2058 = ORIENTED_EDGE('', *, *, #1518, .T.);
#2059 = ORIENTED_EDGE('', *, *, #1521, .T.);
#2060 = ORIENTED_EDGE('', *, *, #1522, .F.);
#2061 = ORIENTED_EDGE('', *, *, #1519, .F.);
#2062 = ORIENTED_EDGE('', *, *, #1520, .T.);
#2063 = ORIENTED_EDGE('', *, *, #1523, .T.);
#2064 = ORIENTED_EDGE('', *, *, #1524, .F.);
#2065 = EDGE_LOOP('', (#2037, #2038, #2039, #2040));
#2066 = FACE_BOUND('', #2065, .T.);
#2067 = EDGE_LOOP('', (#2041, #2042, #2043, #2044));
#2068 = FACE_BOUND('', #2067, .T.);
#2069 = EDGE_LOOP('', (#2045, #2046, #2047, #2048));
#2070 = FACE_BOUND('', #2069, .T.);
#2071 = EDGE_LOOP('', (#2049, #2050, #2051, #2052));
#2072 = FACE_BOUND('', #2071, .T.);
#2073 = EDGE_LOOP('', (#2053, #2054, #2055, #2056));
#2074 = FACE_BOUND('', #2073, .T.);
#2075 = EDGE_LOOP('', (#2057, #2058, #2059, #2060));
#2076 = FACE_BOUND('', #2075, .T.);
#2077 = EDGE_LOOP('', (#2061, #2062, #2063, #2064));
#2078 = FACE_BOUND('', #2077, .T.);
#2079 = ADVANCED_FACE('', (#2066, #2068, #2070, #2072, #2074, #2076, #2078), #1692, .T.);
#2080 = ORIENTED_EDGE('', *, *, #1435, .T.);
#2081 = ORIENTED_EDGE('', *, *, #1441, .F.);
#2082 = ORIENTED_EDGE('', *, *, #1434, .F.);
#2083 = ORIENTED_EDGE('', *, *, #1433, .F.);
#2084 = EDGE_LOOP('', (#2080, #2081, #2082, #2083));
#2085 = FACE_BOUND('', #2084, .T.);
#2086 = ADVANCED_FACE('', (#2085), #1696, .F.);
#2087 = ORIENTED_EDGE('', *, *, #1434, .T.);
#2088 = ORIENTED_EDGE('', *, *, #1442, .F.);
#2089 = ORIENTED_EDGE('', *, *, #1437, .F.);
#2090 = ORIENTED_EDGE('', *, *, #1436, .F.);
#2091 = EDGE_LOOP('', (#2087, #2088, #2089, #2090));
#2092 = FACE_BOUND('', #2091, .T.);
#2093 = ADVANCED_FACE('', (#2092), #1700, .F.);
#2094 = ORIENTED_EDGE('', *, *, #1437, .T.);
#2095 = ORIENTED_EDGE('', *, *, #1443, .F.);
#2096 = ORIENTED_EDGE('', *, *, #1439, .F.);
#2097 = ORIENTED_EDGE('', *, *, #1438, .F.);
#2098 = EDGE_LOOP('', (#2094, #2095, #2096, #2097));
#2099 = FACE_BOUND('', #2098, .T.);
#2100 = ADVANCED_FACE('', (#2099), #1704, .F.);
#2101 = ORIENTED_EDGE('', *, *, #1439, .T.);
#2102 = ORIENTED_EDGE('', *, *, #1444, .F.);
#2103 = ORIENTED_EDGE('', *, *, #1435, .F.);
#2104 = ORIENTED_EDGE('', *, *, #1440, .F.);
#2105 = EDGE_LOOP('', (#2101, #2102, #2103, #2104));
#2106 = FACE_BOUND('', #2105, .T.);
#2107 = ADVANCED_FACE('', (#2106), #1708, .F.);
#2108 = ORIENTED_EDGE('', *, *, #1445, .T.);
#2109 = ORIENTED_EDGE('', *, *, #1446, .T.);
#2110 = ORIENTED_EDGE('', *, *, #1481, .F.);
#2111 = ORIENTED_EDGE('', *, *, #1482, .T.);
#2112 = ORIENTED_EDGE('', *, *, #1483, .T.);
#2113 = ORIENTED_EDGE('', *, *, #1484, .F.);
#2114 = EDGE_LOOP('', (#2108, #2109));
#2115 = FACE_BOUND('', #2114, .T.);
#2116 = EDGE_LOOP('', (#2110, #2111, #2112, #2113));
#2117 = FACE_BOUND('', #2116, .T.);
#2118 = ADVANCED_FACE('', (#2115, #2117), #1717, .T.);
#2119 = ORIENTED_EDGE('', *, *, #1451, .F.);
#2120 = ORIENTED_EDGE('', *, *, #1449, .F.);
#2121 = ORIENTED_EDGE('', *, *, #1448, .F.);
#2122 = ORIENTED_EDGE('', *, *, #1452, .T.);
#2123 = ORIENTED_EDGE('', *, *, #1446, .F.);
#2124 = EDGE_LOOP('', (#2119, #2120, #2121, #2122, #2123));
#2125 = FACE_BOUND('', #2124, .T.);
#2126 = ADVANCED_FACE('', (#2125), #1713, .T.);
#2127 = ORIENTED_EDGE('', *, *, #1451, .T.);
#2128 = ORIENTED_EDGE('', *, *, #1445, .F.);
#2129 = ORIENTED_EDGE('', *, *, #1452, .F.);
#2130 = ORIENTED_EDGE('', *, *, #1447, .T.);
#2131 = ORIENTED_EDGE('', *, *, #1450, .T.);
#2132 = EDGE_LOOP('', (#2127, #2128, #2129, #2130, #2131));
#2133 = FACE_BOUND('', #2132, .T.);
#2134 = ADVANCED_FACE('', (#2133), #1713, .T.);
#2135 = ORIENTED_EDGE('', *, *, #1453, .T.);
#2136 = ORIENTED_EDGE('', *, *, #1454, .T.);
#2137 = ORIENTED_EDGE('', *, *, #1489, .F.);
#2138 = ORIENTED_EDGE('', *, *, #1490, .T.);
#2139 = ORIENTED_EDGE('', *, *, #1491, .T.);
#2140 = ORIENTED_EDGE('', *, *, #1492, .F.);
#2141 = EDGE_LOOP('', (#2135, #2136));
#2142 = FACE_BOUND('', #2141, .T.);
#2143 = EDGE_LOOP('', (#2137, #2138, #2139, #2140));
#2144 = FACE_BOUND('', #2143, .T.);
#2145 = ADVANCED_FACE('', (#2142, #2144), #1726, .T.);
#2146 = ORIENTED_EDGE('', *, *, #1459, .F.);
#2147 = ORIENTED_EDGE('', *, *, #1457, .F.);
#2148 = ORIENTED_EDGE('', *, *, #1456, .F.);
#2149 = ORIENTED_EDGE('', *, *, #1460, .T.);
#2150 = ORIENTED_EDGE('', *, *, #1454, .F.);
#2151 = EDGE_LOOP('', (#2146, #2147, #2148, #2149, #2150));
#2152 = FACE_BOUND('', #2151, .T.);
#2153 = ADVANCED_FACE('', (#2152), #1722, .T.);
#2154 = ORIENTED_EDGE('', *, *, #1459, .T.);
#2155 = ORIENTED_EDGE('', *, *, #1453, .F.);
#2156 = ORIENTED_EDGE('', *, *, #1460, .F.);
#2157 = ORIENTED_EDGE('', *, *, #1455, .T.);
#2158 = ORIENTED_EDGE('', *, *, #1458, .T.);
#2159 = EDGE_LOOP('', (#2154, #2155, #2156, #2157, #2158));
#2160 = FACE_BOUND('', #2159, .T.);
#2161 = ADVANCED_FACE('', (#2160), #1722, .T.);
#2162 = ORIENTED_EDGE('', *, *, #1461, .T.);
#2163 = ORIENTED_EDGE('', *, *, #1462, .T.);
#2164 = ORIENTED_EDGE('', *, *, #1497, .F.);
#2165 = ORIENTED_EDGE('', *, *, #1498, .T.);
#2166 = ORIENTED_EDGE('', *, *, #1499, .T.);
#2167 = ORIENTED_EDGE('', *, *, #1500, .F.);
#2168 = EDGE_LOOP('', (#2162, #2163));
#2169 = FACE_BOUND('', #2168, .T.);
#2170 = EDGE_LOOP('', (#2164, #2165, #2166, #2167));
#2171 = FACE_BOUND('', #2170, .T.);
#2172 = ADVANCED_FACE('', (#2169, #2171), #1735, .T.);
#2173 = ORIENTED_EDGE('', *, *, #1467, .F.);
#2174 = ORIENTED_EDGE('', *, *, #1465, .F.);
#2175 = ORIENTED_EDGE('', *, *, #1464, .F.);
#2176 = ORIENTED_EDGE('', *, *, #1468, .T.);
#2177 = ORIENTED_EDGE('', *, *, #1462, .F.);
#2178 = EDGE_LOOP('', (#2173, #2174, #2175, #2176, #2177));
#2179 = FACE_BOUND('', #2178, .T.);
#2180 = ADVANCED_FACE('', (#2179), #1731, .T.);
#2181 = ORIENTED_EDGE('', *, *, #1467, .T.);
#2182 = ORIENTED_EDGE('', *, *, #1461, .F.);
#2183 = ORIENTED_EDGE('', *, *, #1468, .F.);
#2184 = ORIENTED_EDGE('', *, *, #1463, .T.);
#2185 = ORIENTED_EDGE('', *, *, #1466, .T.);
#2186 = EDGE_LOOP('', (#2181, #2182, #2183, #2184, #2185));
#2187 = FACE_BOUND('', #2186, .T.);
#2188 = ADVANCED_FACE('', (#2187), #1731, .T.);
#2189 = ORIENTED_EDGE('', *, *, #1469, .T.);
#2190 = ORIENTED_EDGE('', *, *, #1470, .T.);
#2191 = ORIENTED_EDGE('', *, *, #1505, .F.);
#2192 = ORIENTED_EDGE('', *, *, #1506, .T.);
#2193 = ORIENTED_EDGE('', *, *, #1507, .T.);
#2194 = ORIENTED_EDGE('', *, *, #1508, .F.);
#2195 = EDGE_LOOP('', (#2189, #2190));
#2196 = FACE_BOUND('', #2195, .T.);
#2197 = EDGE_LOOP('', (#2191, #2192, #2193, #2194));
#2198 = FACE_BOUND('', #2197, .T.);
#2199 = ADVANCED_FACE('', (#2196, #2198), #1744, .T.);
#2200 = ORIENTED_EDGE('', *, *, #1475, .F.);
#2201 = ORIENTED_EDGE('', *, *, #1473, .F.);
#2202 = ORIENTED_EDGE('', *, *, #1472, .F.);
#2203 = ORIENTED_EDGE('', *, *, #1476, .T.);
#2204 = ORIENTED_EDGE('', *, *, #1470, .F.);
#2205 = EDGE_LOOP('', (#2200, #2201, #2202, #2203, #2204));
#2206 = FACE_BOUND('', #2205, .T.);
#2207 = ADVANCED_FACE('', (#2206), #1740, .T.);
#2208 = ORIENTED_EDGE('', *, *, #1475, .T.);
#2209 = ORIENTED_EDGE('', *, *, #1469, .F.);
#2210 = ORIENTED_EDGE('', *, *, #1476, .F.);
#2211 = ORIENTED_EDGE('', *, *, #1471, .T.);
#2212 = ORIENTED_EDGE('', *, *, #1474, .T.);
#2213 = EDGE_LOOP('', (#2208, #2209, #2210, #2211, #2212));
#2214 = FACE_BOUND('', #2213, .T.);
#2215 = ADVANCED_FACE('', (#2214), #1740, .T.);
#2216 = ORIENTED_EDGE('', *, *, #1477, .F.);
#2217 = ORIENTED_EDGE('', *, *, #1478, .T.);
#2218 = ORIENTED_EDGE('', *, *, #1481, .T.);
#2219 = ORIENTED_EDGE('', *, *, #1484, .T.);
#2220 = ORIENTED_EDGE('', *, *, #1480, .F.);
#2221 = EDGE_LOOP('', (#2216, #2217, #2218, #2219, #2220));
#2222 = FACE_BOUND('', #2221, .T.);
#2223 = ADVANCED_FACE('', (#2222), #1749, .F.);
#2224 = ORIENTED_EDGE('', *, *, #1477, .T.);
#2225 = ORIENTED_EDGE('', *, *, #1479, .T.);
#2226 = EDGE_LOOP('', (#2224, #2225));
#2227 = FACE_BOUND('', #2226, .T.);
#2228 = ADVANCED_FACE('', (#2227), #1753, .T.);
#2229 = ORIENTED_EDGE('', *, *, #1483, .F.);
#2230 = ORIENTED_EDGE('', *, *, #1482, .F.);
#2231 = ORIENTED_EDGE('', *, *, #1478, .F.);
#2232 = ORIENTED_EDGE('', *, *, #1479, .F.);
#2233 = ORIENTED_EDGE('', *, *, #1480, .T.);
#2234 = EDGE_LOOP('', (#2229, #2230, #2231, #2232, #2233));
#2235 = FACE_BOUND('', #2234, .T.);
#2236 = ADVANCED_FACE('', (#2235), #1749, .F.);
#2237 = ORIENTED_EDGE('', *, *, #1485, .F.);
#2238 = ORIENTED_EDGE('', *, *, #1486, .T.);
#2239 = ORIENTED_EDGE('', *, *, #1489, .T.);
#2240 = ORIENTED_EDGE('', *, *, #1492, .T.);
#2241 = ORIENTED_EDGE('', *, *, #1488, .F.);
#2242 = EDGE_LOOP('', (#2237, #2238, #2239, #2240, #2241));
#2243 = FACE_BOUND('', #2242, .T.);
#2244 = ADVANCED_FACE('', (#2243), #1758, .F.);
#2245 = ORIENTED_EDGE('', *, *, #1485, .T.);
#2246 = ORIENTED_EDGE('', *, *, #1487, .T.);
#2247 = EDGE_LOOP('', (#2245, #2246));
#2248 = FACE_BOUND('', #2247, .T.);
#2249 = ADVANCED_FACE('', (#2248), #1762, .T.);
#2250 = ORIENTED_EDGE('', *, *, #1491, .F.);
#2251 = ORIENTED_EDGE('', *, *, #1490, .F.);
#2252 = ORIENTED_EDGE('', *, *, #1486, .F.);
#2253 = ORIENTED_EDGE('', *, *, #1487, .F.);
#2254 = ORIENTED_EDGE('', *, *, #1488, .T.);
#2255 = EDGE_LOOP('', (#2250, #2251, #2252, #2253, #2254));
#2256 = FACE_BOUND('', #2255, .T.);
#2257 = ADVANCED_FACE('', (#2256), #1758, .F.);
#2258 = ORIENTED_EDGE('', *, *, #1493, .F.);
#2259 = ORIENTED_EDGE('', *, *, #1494, .T.);
#2260 = ORIENTED_EDGE('', *, *, #1497, .T.);
#2261 = ORIENTED_EDGE('', *, *, #1500, .T.);
#2262 = ORIENTED_EDGE('', *, *, #1496, .F.);
#2263 = EDGE_LOOP('', (#2258, #2259, #2260, #2261, #2262));
#2264 = FACE_BOUND('', #2263, .T.);
#2265 = ADVANCED_FACE('', (#2264), #1767, .F.);
#2266 = ORIENTED_EDGE('', *, *, #1493, .T.);
#2267 = ORIENTED_EDGE('', *, *, #1495, .T.);
#2268 = EDGE_LOOP('', (#2266, #2267));
#2269 = FACE_BOUND('', #2268, .T.);
#2270 = ADVANCED_FACE('', (#2269), #1771, .T.);
#2271 = ORIENTED_EDGE('', *, *, #1499, .F.);
#2272 = ORIENTED_EDGE('', *, *, #1498, .F.);
#2273 = ORIENTED_EDGE('', *, *, #1494, .F.);
#2274 = ORIENTED_EDGE('', *, *, #1495, .F.);
#2275 = ORIENTED_EDGE('', *, *, #1496, .T.);
#2276 = EDGE_LOOP('', (#2271, #2272, #2273, #2274, #2275));
#2277 = FACE_BOUND('', #2276, .T.);
#2278 = ADVANCED_FACE('', (#2277), #1767, .F.);
#2279 = ORIENTED_EDGE('', *, *, #1501, .F.);
#2280 = ORIENTED_EDGE('', *, *, #1502, .T.);
#2281 = ORIENTED_EDGE('', *, *, #1505, .T.);
#2282 = ORIENTED_EDGE('', *, *, #1508, .T.);
#2283 = ORIENTED_EDGE('', *, *, #1504, .F.);
#2284 = EDGE_LOOP('', (#2279, #2280, #2281, #2282, #2283));
#2285 = FACE_BOUND('', #2284, .T.);
#2286 = ADVANCED_FACE('', (#2285), #1776, .F.);
#2287 = ORIENTED_EDGE('', *, *, #1501, .T.);
#2288 = ORIENTED_EDGE('', *, *, #1503, .T.);
#2289 = EDGE_LOOP('', (#2287, #2288));
#2290 = FACE_BOUND('', #2289, .T.);
#2291 = ADVANCED_FACE('', (#2290), #1780, .T.);
#2292 = ORIENTED_EDGE('', *, *, #1507, .F.);
#2293 = ORIENTED_EDGE('', *, *, #1506, .F.);
#2294 = ORIENTED_EDGE('', *, *, #1502, .F.);
#2295 = ORIENTED_EDGE('', *, *, #1503, .F.);
#2296 = ORIENTED_EDGE('', *, *, #1504, .T.);
#2297 = EDGE_LOOP('', (#2292, #2293, #2294, #2295, #2296));
#2298 = FACE_BOUND('', #2297, .T.);
#2299 = ADVANCED_FACE('', (#2298), #1776, .F.);
#2300 = ORIENTED_EDGE('', *, *, #1509, .F.);
#2301 = ORIENTED_EDGE('', *, *, #1510, .T.);
#2302 = ORIENTED_EDGE('', *, *, #1517, .T.);
#2303 = ORIENTED_EDGE('', *, *, #1522, .T.);
#2304 = ORIENTED_EDGE('', *, *, #1512, .F.);
#2305 = EDGE_LOOP('', (#2300, #2301, #2302, #2303, #2304));
#2306 = FACE_BOUND('', #2305, .T.);
#2307 = ADVANCED_FACE('', (#2306), #1785, .F.);
#2308 = ORIENTED_EDGE('', *, *, #1509, .T.);
#2309 = ORIENTED_EDGE('', *, *, #1511, .T.);
#2310 = EDGE_LOOP('', (#2308, #2309));
#2311 = FACE_BOUND('', #2310, .T.);
#2312 = ADVANCED_FACE('', (#2311), #1789, .T.);
#2313 = ORIENTED_EDGE('', *, *, #1513, .F.);
#2314 = ORIENTED_EDGE('', *, *, #1514, .T.);
#2315 = ORIENTED_EDGE('', *, *, #1519, .T.);
#2316 = ORIENTED_EDGE('', *, *, #1524, .T.);
#2317 = ORIENTED_EDGE('', *, *, #1516, .F.);
#2318 = EDGE_LOOP('', (#2313, #2314, #2315, #2316, #2317));
#2319 = FACE_BOUND('', #2318, .T.);
#2320 = ADVANCED_FACE('', (#2319), #1794, .F.);
#2321 = ORIENTED_EDGE('', *, *, #1513, .T.);
#2322 = ORIENTED_EDGE('', *, *, #1515, .T.);
#2323 = EDGE_LOOP('', (#2321, #2322));
#2324 = FACE_BOUND('', #2323, .T.);
#2325 = ADVANCED_FACE('', (#2324), #1798, .T.);
#2326 = ORIENTED_EDGE('', *, *, #1523, .F.);
#2327 = ORIENTED_EDGE('', *, *, #1520, .F.);
#2328 = ORIENTED_EDGE('', *, *, #1514, .F.);
#2329 = ORIENTED_EDGE('', *, *, #1515, .F.);
#2330 = ORIENTED_EDGE('', *, *, #1516, .T.);
#2331 = EDGE_LOOP('', (#2326, #2327, #2328, #2329, #2330));
#2332 = FACE_BOUND('', #2331, .T.);
#2333 = ADVANCED_FACE('', (#2332), #1794, .F.);
#2334 = ORIENTED_EDGE('', *, *, #1521, .F.);
#2335 = ORIENTED_EDGE('', *, *, #1518, .F.);
#2336 = ORIENTED_EDGE('', *, *, #1510, .F.);
#2337 = ORIENTED_EDGE('', *, *, #1511, .F.);
#2338 = ORIENTED_EDGE('', *, *, #1512, .T.);
#2339 = EDGE_LOOP('', (#2334, #2335, #2336, #2337, #2338));
#2340 = FACE_BOUND('', #2339, .T.);
#2341 = ADVANCED_FACE('', (#2340), #1785, .F.);
#2342 = ORIENTED_EDGE('', *, *, #1530, .T.);
#2343 = ORIENTED_EDGE('', *, *, #1527, .F.);
#2344 = ORIENTED_EDGE('', *, *, #1526, .F.);
#2345 = ORIENTED_EDGE('', *, *, #1525, .T.);
#2346 = EDGE_LOOP('', (#2342, #2343, #2344, #2345));
#2347 = FACE_BOUND('', #2346, .T.);
#2348 = ADVANCED_FACE('', (#2347), #1803, .T.);
#2349 = ORIENTED_EDGE('', *, *, #1528, .F.);
#2350 = ORIENTED_EDGE('', *, *, #1525, .F.);
#2351 = ORIENTED_EDGE('', *, *, #1538, .T.);
#2352 = ORIENTED_EDGE('', *, *, #1534, .T.);
#2353 = ORIENTED_EDGE('', *, *, #1537, .T.);
#2354 = ORIENTED_EDGE('', *, *, #1531, .T.);
#2355 = EDGE_LOOP('', (#2349, #2350));
#2356 = FACE_BOUND('', #2355, .T.);
#2357 = EDGE_LOOP('', (#2351, #2352, #2353, #2354));
#2358 = FACE_BOUND('', #2357, .T.);
#2359 = ADVANCED_FACE('', (#2356, #2358), #1807, .F.);
#2360 = ORIENTED_EDGE('', *, *, #1527, .T.);
#2361 = ORIENTED_EDGE('', *, *, #1529, .T.);
#2362 = ORIENTED_EDGE('', *, *, #1535, .F.);
#2363 = ORIENTED_EDGE('', *, *, #1536, .T.);
#2364 = ORIENTED_EDGE('', *, *, #1539, .T.);
#2365 = ORIENTED_EDGE('', *, *, #1540, .F.);
#2366 = EDGE_LOOP('', (#2360, #2361));
#2367 = FACE_BOUND('', #2366, .T.);
#2368 = EDGE_LOOP('', (#2362, #2363, #2364, #2365));
#2369 = FACE_BOUND('', #2368, .T.);
#2370 = ADVANCED_FACE('', (#2367, #2369), #1811, .T.);
#2371 = ORIENTED_EDGE('', *, *, #1530, .F.);
#2372 = ORIENTED_EDGE('', *, *, #1528, .T.);
#2373 = ORIENTED_EDGE('', *, *, #1526, .T.);
#2374 = ORIENTED_EDGE('', *, *, #1529, .F.);
#2375 = EDGE_LOOP('', (#2371, #2372, #2373, #2374));
#2376 = FACE_BOUND('', #2375, .T.);
#2377 = ADVANCED_FACE('', (#2376), #1803, .T.);
#2378 = ORIENTED_EDGE('', *, *, #1538, .F.);
#2379 = ORIENTED_EDGE('', *, *, #1531, .F.);
#2380 = ORIENTED_EDGE('', *, *, #1532, .T.);
#2381 = ORIENTED_EDGE('', *, *, #1535, .T.);
#2382 = ORIENTED_EDGE('', *, *, #1540, .T.);
#2383 = ORIENTED_EDGE('', *, *, #1533, .F.);
#2384 = EDGE_LOOP('', (#2378, #2379, #2380, #2381, #2382, #2383));
#2385 = FACE_BOUND('', #2384, .T.);
#2386 = ADVANCED_FACE('', (#2385), #1816, .F.);
#2387 = ORIENTED_EDGE('', *, *, #1539, .F.);
#2388 = ORIENTED_EDGE('', *, *, #1536, .F.);
#2389 = ORIENTED_EDGE('', *, *, #1532, .F.);
#2390 = ORIENTED_EDGE('', *, *, #1537, .F.);
#2391 = ORIENTED_EDGE('', *, *, #1534, .F.);
#2392 = ORIENTED_EDGE('', *, *, #1533, .T.);
#2393 = EDGE_LOOP('', (#2387, #2388, #2389, #2390, #2391, #2392));
#2394 = FACE_BOUND('', #2393, .T.);
#2395 = ADVANCED_FACE('', (#2394), #1816, .F.);
#2396 = ORIENTED_EDGE('', *, *, #1546, .T.);
#2397 = ORIENTED_EDGE('', *, *, #1543, .F.);
#2398 = ORIENTED_EDGE('', *, *, #1542, .F.);
#2399 = ORIENTED_EDGE('', *, *, #1541, .T.);
#2400 = EDGE_LOOP('', (#2396, #2397, #2398, #2399));
#2401 = FACE_BOUND('', #2400, .T.);
#2402 = ADVANCED_FACE('', (#2401), #1821, .T.);
#2403 = ORIENTED_EDGE('', *, *, #1544, .F.);
#2404 = ORIENTED_EDGE('', *, *, #1541, .F.);
#2405 = ORIENTED_EDGE('', *, *, #1554, .T.);
#2406 = ORIENTED_EDGE('', *, *, #1550, .T.);
#2407 = ORIENTED_EDGE('', *, *, #1553, .T.);
#2408 = ORIENTED_EDGE('', *, *, #1547, .T.);
#2409 = EDGE_LOOP('', (#2403, #2404));
#2410 = FACE_BOUND('', #2409, .T.);
#2411 = EDGE_LOOP('', (#2405, #2406, #2407, #2408));
#2412 = FACE_BOUND('', #2411, .T.);
#2413 = ADVANCED_FACE('', (#2410, #2412), #1825, .F.);
#2414 = ORIENTED_EDGE('', *, *, #1543, .T.);
#2415 = ORIENTED_EDGE('', *, *, #1545, .T.);
#2416 = ORIENTED_EDGE('', *, *, #1551, .F.);
#2417 = ORIENTED_EDGE('', *, *, #1552, .T.);
#2418 = ORIENTED_EDGE('', *, *, #1555, .T.);
#2419 = ORIENTED_EDGE('', *, *, #1556, .F.);
#2420 = EDGE_LOOP('', (#2414, #2415));
#2421 = FACE_BOUND('', #2420, .T.);
#2422 = EDGE_LOOP('', (#2416, #2417, #2418, #2419));
#2423 = FACE_BOUND('', #2422, .T.);
#2424 = ADVANCED_FACE('', (#2421, #2423), #1829, .T.);
#2425 = ORIENTED_EDGE('', *, *, #1546, .F.);
#2426 = ORIENTED_EDGE('', *, *, #1544, .T.);
#2427 = ORIENTED_EDGE('', *, *, #1542, .T.);
#2428 = ORIENTED_EDGE('', *, *, #1545, .F.);
#2429 = EDGE_LOOP('', (#2425, #2426, #2427, #2428));
#2430 = FACE_BOUND('', #2429, .T.);
#2431 = ADVANCED_FACE('', (#2430), #1821, .T.);
#2432 = ORIENTED_EDGE('', *, *, #1554, .F.);
#2433 = ORIENTED_EDGE('', *, *, #1547, .F.);
#2434 = ORIENTED_EDGE('', *, *, #1548, .T.);
#2435 = ORIENTED_EDGE('', *, *, #1551, .T.);
#2436 = ORIENTED_EDGE('', *, *, #1556, .T.);
#2437 = ORIENTED_EDGE('', *, *, #1549, .F.);
#2438 = EDGE_LOOP('', (#2432, #2433, #2434, #2435, #2436, #2437));
#2439 = FACE_BOUND('', #2438, .T.);
#2440 = ADVANCED_FACE('', (#2439), #1834, .F.);
#2441 = ORIENTED_EDGE('', *, *, #1555, .F.);
#2442 = ORIENTED_EDGE('', *, *, #1552, .F.);
#2443 = ORIENTED_EDGE('', *, *, #1548, .F.);
#2444 = ORIENTED_EDGE('', *, *, #1553, .F.);
#2445 = ORIENTED_EDGE('', *, *, #1550, .F.);
#2446 = ORIENTED_EDGE('', *, *, #1549, .T.);
#2447 = EDGE_LOOP('', (#2441, #2442, #2443, #2444, #2445, #2446));
#2448 = FACE_BOUND('', #2447, .T.);
#2449 = ADVANCED_FACE('', (#2448), #1834, .F.);
#2450 = ORIENTED_EDGE('', *, *, #1557, .T.);
#2451 = ORIENTED_EDGE('', *, *, #1558, .T.);
#2452 = ORIENTED_EDGE('', *, *, #1559, .F.);
#2453 = ORIENTED_EDGE('', *, *, #1560, .F.);
#2454 = EDGE_LOOP('', (#2450, #2451, #2452, #2453));
#2455 = FACE_BOUND('', #2454, .T.);
#2456 = ADVANCED_FACE('', (#2455), #1838, .T.);
#2457 = ORIENTED_EDGE('', *, *, #1561, .T.);
#2458 = ORIENTED_EDGE('', *, *, #1562, .T.);
#2459 = ORIENTED_EDGE('', *, *, #1563, .F.);
#2460 = ORIENTED_EDGE('', *, *, #1558, .F.);
#2461 = EDGE_LOOP('', (#2457, #2458, #2459, #2460));
#2462 = FACE_BOUND('', #2461, .T.);
#2463 = ADVANCED_FACE('', (#2462), #1842, .T.);
#2464 = ORIENTED_EDGE('', *, *, #1564, .T.);
#2465 = ORIENTED_EDGE('', *, *, #1565, .T.);
#2466 = ORIENTED_EDGE('', *, *, #1566, .F.);
#2467 = ORIENTED_EDGE('', *, *, #1562, .F.);
#2468 = EDGE_LOOP('', (#2464, #2465, #2466, #2467));
#2469 = FACE_BOUND('', #2468, .T.);
#2470 = ADVANCED_FACE('', (#2469), #1846, .T.);
#2471 = ORIENTED_EDGE('', *, *, #1567, .T.);
#2472 = ORIENTED_EDGE('', *, *, #1560, .T.);
#2473 = ORIENTED_EDGE('', *, *, #1568, .F.);
#2474 = ORIENTED_EDGE('', *, *, #1565, .F.);
#2475 = EDGE_LOOP('', (#2471, #2472, #2473, #2474));
#2476 = FACE_BOUND('', #2475, .T.);
#2477 = ADVANCED_FACE('', (#2476), #1850, .T.);
#2478 = ORIENTED_EDGE('', *, *, #1567, .F.);
#2479 = ORIENTED_EDGE('', *, *, #1564, .F.);
#2480 = ORIENTED_EDGE('', *, *, #1561, .F.);
#2481 = ORIENTED_EDGE('', *, *, #1557, .F.);
#2482 = ORIENTED_EDGE('', *, *, #1572, .T.);
#2483 = ORIENTED_EDGE('', *, *, #1574, .T.);
#2484 = ORIENTED_EDGE('', *, *, #1576, .T.);
#2485 = ORIENTED_EDGE('', *, *, #1569, .T.);
#2486 = ORIENTED_EDGE('', *, *, #1584, .T.);
#2487 = ORIENTED_EDGE('', *, *, #1586, .T.);
#2488 = ORIENTED_EDGE('', *, *, #1588, .T.);
#2489 = ORIENTED_EDGE('', *, *, #1581, .T.);
#2490 = ORIENTED_EDGE('', *, *, #1596, .T.);
#2491 = ORIENTED_EDGE('', *, *, #1598, .T.);
#2492 = ORIENTED_EDGE('', *, *, #1600, .T.);
#2493 = ORIENTED_EDGE('', *, *, #1593, .T.);
#2494 = ORIENTED_EDGE('', *, *, #1608, .T.);
#2495 = ORIENTED_EDGE('', *, *, #1610, .T.);
#2496 = ORIENTED_EDGE('', *, *, #1612, .T.);
#2497 = ORIENTED_EDGE('', *, *, #1605, .T.);
#2498 = ORIENTED_EDGE('', *, *, #1620, .T.);
#2499 = ORIENTED_EDGE('', *, *, #1622, .T.);
#2500 = ORIENTED_EDGE('', *, *, #1624, .T.);
#2501 = ORIENTED_EDGE('', *, *, #1617, .T.);
#2502 = ORIENTED_EDGE('', *, *, #1636, .T.);
#2503 = ORIENTED_EDGE('', *, *, #1632, .T.);
#2504 = ORIENTED_EDGE('', *, *, #1635, .T.);
#2505 = ORIENTED_EDGE('', *, *, #1629, .T.);
#2506 = ORIENTED_EDGE('', *, *, #1646, .T.);
#2507 = ORIENTED_EDGE('', *, *, #1642, .T.);
#2508 = ORIENTED_EDGE('', *, *, #1645, .T.);
#2509 = ORIENTED_EDGE('', *, *, #1639, .T.);
#2510 = EDGE_LOOP('', (#2478, #2479, #2480, #2481));
#2511 = FACE_BOUND('', #2510, .T.);
#2512 = EDGE_LOOP('', (#2482, #2483, #2484, #2485));
#2513 = FACE_BOUND('', #2512, .T.);
#2514 = EDGE_LOOP('', (#2486, #2487, #2488, #2489));
#2515 = FACE_BOUND('', #2514, .T.);
#2516 = EDGE_LOOP('', (#2490, #2491, #2492, #2493));
#2517 = FACE_BOUND('', #2516, .T.);
#2518 = EDGE_LOOP('', (#2494, #2495, #2496, #2497));
#2519 = FACE_BOUND('', #2518, .T.);
#2520 = EDGE_LOOP('', (#2498, #2499, #2500, #2501));
#2521 = FACE_BOUND('', #2520, .T.);
#2522 = EDGE_LOOP('', (#2502, #2503, #2504, #2505));
#2523 = FACE_BOUND('', #2522, .T.);
#2524 = EDGE_LOOP('', (#2506, #2507, #2508, #2509));
#2525 = FACE_BOUND('', #2524, .T.);
#2526 = ADVANCED_FACE('', (#2511, #2513, #2515, #2517, #2519, #2521, #2523, #2525), #1854, .F.);
#2527 = ORIENTED_EDGE('', *, *, #1559, .T.);
#2528 = ORIENTED_EDGE('', *, *, #1563, .T.);
#2529 = ORIENTED_EDGE('', *, *, #1566, .T.);
#2530 = ORIENTED_EDGE('', *, *, #1568, .T.);
#2531 = ORIENTED_EDGE('', *, *, #1577, .F.);
#2532 = ORIENTED_EDGE('', *, *, #1580, .F.);
#2533 = ORIENTED_EDGE('', *, *, #1579, .F.);
#2534 = ORIENTED_EDGE('', *, *, #1578, .F.);
#2535 = ORIENTED_EDGE('', *, *, #1589, .F.);
#2536 = ORIENTED_EDGE('', *, *, #1592, .F.);
#2537 = ORIENTED_EDGE('', *, *, #1591, .F.);
#2538 = ORIENTED_EDGE('', *, *, #1590, .F.);
#2539 = ORIENTED_EDGE('', *, *, #1601, .F.);
#2540 = ORIENTED_EDGE('', *, *, #1604, .F.);
#2541 = ORIENTED_EDGE('', *, *, #1603, .F.);
#2542 = ORIENTED_EDGE('', *, *, #1602, .F.);
#2543 = ORIENTED_EDGE('', *, *, #1613, .F.);
#2544 = ORIENTED_EDGE('', *, *, #1616, .F.);
#2545 = ORIENTED_EDGE('', *, *, #1615, .F.);
#2546 = ORIENTED_EDGE('', *, *, #1614, .F.);
#2547 = ORIENTED_EDGE('', *, *, #1625, .F.);
#2548 = ORIENTED_EDGE('', *, *, #1628, .F.);
#2549 = ORIENTED_EDGE('', *, *, #1627, .F.);
#2550 = ORIENTED_EDGE('', *, *, #1626, .F.);
#2551 = ORIENTED_EDGE('', *, *, #1633, .F.);
#2552 = ORIENTED_EDGE('', *, *, #1634, .T.);
#2553 = ORIENTED_EDGE('', *, *, #1637, .T.);
#2554 = ORIENTED_EDGE('', *, *, #1638, .F.);
#2555 = ORIENTED_EDGE('', *, *, #1643, .F.);
#2556 = ORIENTED_EDGE('', *, *, #1644, .T.);
#2557 = ORIENTED_EDGE('', *, *, #1647, .T.);
#2558 = ORIENTED_EDGE('', *, *, #1648, .F.);
#2559 = EDGE_LOOP('', (#2527, #2528, #2529, #2530));
#2560 = FACE_BOUND('', #2559, .T.);
#2561 = EDGE_LOOP('', (#2531, #2532, #2533, #2534));
#2562 = FACE_BOUND('', #2561, .T.);
#2563 = EDGE_LOOP('', (#2535, #2536, #2537, #2538));
#2564 = FACE_BOUND('', #2563, .T.);
#2565 = EDGE_LOOP('', (#2539, #2540, #2541, #2542));
#2566 = FACE_BOUND('', #2565, .T.);
#2567 = EDGE_LOOP('', (#2543, #2544, #2545, #2546));
#2568 = FACE_BOUND('', #2567, .T.);
#2569 = EDGE_LOOP('', (#2547, #2548, #2549, #2550));
#2570 = FACE_BOUND('', #2569, .T.);
#2571 = EDGE_LOOP('', (#2551, #2552, #2553, #2554));
#2572 = FACE_BOUND('', #2571, .T.);
#2573 = EDGE_LOOP('', (#2555, #2556, #2557, #2558));
#2574 = FACE_BOUND('', #2573, .T.);
#2575 = ADVANCED_FACE('', (#2560, #2562, #2564, #2566, #2568, #2570, #2572, #2574), #1858, .T.);
#2576 = ORIENTED_EDGE('', *, *, #1571, .T.);
#2577 = ORIENTED_EDGE('', *, *, #1577, .T.);
#2578 = ORIENTED_EDGE('', *, *, #1570, .F.);
#2579 = ORIENTED_EDGE('', *, *, #1569, .F.);
#2580 = EDGE_LOOP('', (#2576, #2577, #2578, #2579));
#2581 = FACE_BOUND('', #2580, .T.);
#2582 = ADVANCED_FACE('', (#2581), #1862, .F.);
#2583 = ORIENTED_EDGE('', *, *, #1570, .T.);
#2584 = ORIENTED_EDGE('', *, *, #1578, .T.);
#2585 = ORIENTED_EDGE('', *, *, #1573, .F.);
#2586 = ORIENTED_EDGE('', *, *, #1572, .F.);
#2587 = EDGE_LOOP('', (#2583, #2584, #2585, #2586));
#2588 = FACE_BOUND('', #2587, .T.);
#2589 = ADVANCED_FACE('', (#2588), #1866, .F.);
#2590 = ORIENTED_EDGE('', *, *, #1573, .T.);
#2591 = ORIENTED_EDGE('', *, *, #1579, .T.);
#2592 = ORIENTED_EDGE('', *, *, #1575, .F.);
#2593 = ORIENTED_EDGE('', *, *, #1574, .F.);
#2594 = EDGE_LOOP('', (#2590, #2591, #2592, #2593));
#2595 = FACE_BOUND('', #2594, .T.);
#2596 = ADVANCED_FACE('', (#2595), #1870, .F.);
#2597 = ORIENTED_EDGE('', *, *, #1575, .T.);
#2598 = ORIENTED_EDGE('', *, *, #1580, .T.);
#2599 = ORIENTED_EDGE('', *, *, #1571, .F.);
#2600 = ORIENTED_EDGE('', *, *, #1576, .F.);
#2601 = EDGE_LOOP('', (#2597, #2598, #2599, #2600));
#2602 = FACE_BOUND('', #2601, .T.);
#2603 = ADVANCED_FACE('', (#2602), #1874, .F.);
#2604 = ORIENTED_EDGE('', *, *, #1583, .T.);
#2605 = ORIENTED_EDGE('', *, *, #1589, .T.);
#2606 = ORIENTED_EDGE('', *, *, #1582, .F.);
#2607 = ORIENTED_EDGE('', *, *, #1581, .F.);
#2608 = EDGE_LOOP('', (#2604, #2605, #2606, #2607));
#2609 = FACE_BOUND('', #2608, .T.);
#2610 = ADVANCED_FACE('', (#2609), #1878, .F.);
#2611 = ORIENTED_EDGE('', *, *, #1582, .T.);
#2612 = ORIENTED_EDGE('', *, *, #1590, .T.);
#2613 = ORIENTED_EDGE('', *, *, #1585, .F.);
#2614 = ORIENTED_EDGE('', *, *, #1584, .F.);
#2615 = EDGE_LOOP('', (#2611, #2612, #2613, #2614));
#2616 = FACE_BOUND('', #2615, .T.);
#2617 = ADVANCED_FACE('', (#2616), #1882, .F.);
#2618 = ORIENTED_EDGE('', *, *, #1585, .T.);
#2619 = ORIENTED_EDGE('', *, *, #1591, .T.);
#2620 = ORIENTED_EDGE('', *, *, #1587, .F.);
#2621 = ORIENTED_EDGE('', *, *, #1586, .F.);
#2622 = EDGE_LOOP('', (#2618, #2619, #2620, #2621));
#2623 = FACE_BOUND('', #2622, .T.);
#2624 = ADVANCED_FACE('', (#2623), #1886, .F.);
#2625 = ORIENTED_EDGE('', *, *, #1587, .T.);
#2626 = ORIENTED_EDGE('', *, *, #1592, .T.);
#2627 = ORIENTED_EDGE('', *, *, #1583, .F.);
#2628 = ORIENTED_EDGE('', *, *, #1588, .F.);
#2629 = EDGE_LOOP('', (#2625, #2626, #2627, #2628));
#2630 = FACE_BOUND('', #2629, .T.);
#2631 = ADVANCED_FACE('', (#2630), #1890, .F.);
#2632 = ORIENTED_EDGE('', *, *, #1595, .T.);
#2633 = ORIENTED_EDGE('', *, *, #1601, .T.);
#2634 = ORIENTED_EDGE('', *, *, #1594, .F.);
#2635 = ORIENTED_EDGE('', *, *, #1593, .F.);
#2636 = EDGE_LOOP('', (#2632, #2633, #2634, #2635));
#2637 = FACE_BOUND('', #2636, .T.);
#2638 = ADVANCED_FACE('', (#2637), #1894, .F.);
#2639 = ORIENTED_EDGE('', *, *, #1594, .T.);
#2640 = ORIENTED_EDGE('', *, *, #1602, .T.);
#2641 = ORIENTED_EDGE('', *, *, #1597, .F.);
#2642 = ORIENTED_EDGE('', *, *, #1596, .F.);
#2643 = EDGE_LOOP('', (#2639, #2640, #2641, #2642));
#2644 = FACE_BOUND('', #2643, .T.);
#2645 = ADVANCED_FACE('', (#2644), #1898, .F.);
#2646 = ORIENTED_EDGE('', *, *, #1597, .T.);
#2647 = ORIENTED_EDGE('', *, *, #1603, .T.);
#2648 = ORIENTED_EDGE('', *, *, #1599, .F.);
#2649 = ORIENTED_EDGE('', *, *, #1598, .F.);
#2650 = EDGE_LOOP('', (#2646, #2647, #2648, #2649));
#2651 = FACE_BOUND('', #2650, .T.);
#2652 = ADVANCED_FACE('', (#2651), #1902, .F.);
#2653 = ORIENTED_EDGE('', *, *, #1599, .T.);
#2654 = ORIENTED_EDGE('', *, *, #1604, .T.);
#2655 = ORIENTED_EDGE('', *, *, #1595, .F.);
#2656 = ORIENTED_EDGE('', *, *, #1600, .F.);
#2657 = EDGE_LOOP('', (#2653, #2654, #2655, #2656));
#2658 = FACE_BOUND('', #2657, .T.);
#2659 = ADVANCED_FACE('', (#2658), #1906, .F.);
#2660 = ORIENTED_EDGE('', *, *, #1607, .T.);
#2661 = ORIENTED_EDGE('', *, *, #1613, .T.);
#2662 = ORIENTED_EDGE('', *, *, #1606, .F.);
#2663 = ORIENTED_EDGE('', *, *, #1605, .F.);
#2664 = EDGE_LOOP('', (#2660, #2661, #2662, #2663));
#2665 = FACE_BOUND('', #2664, .T.);
#2666 = ADVANCED_FACE('', (#2665), #1910, .F.);
#2667 = ORIENTED_EDGE('', *, *, #1606, .T.);
#2668 = ORIENTED_EDGE('', *, *, #1614, .T.);
#2669 = ORIENTED_EDGE('', *, *, #1609, .F.);
#2670 = ORIENTED_EDGE('', *, *, #1608, .F.);
#2671 = EDGE_LOOP('', (#2667, #2668, #2669, #2670));
#2672 = FACE_BOUND('', #2671, .T.);
#2673 = ADVANCED_FACE('', (#2672), #1914, .F.);
#2674 = ORIENTED_EDGE('', *, *, #1609, .T.);
#2675 = ORIENTED_EDGE('', *, *, #1615, .T.);
#2676 = ORIENTED_EDGE('', *, *, #1611, .F.);
#2677 = ORIENTED_EDGE('', *, *, #1610, .F.);
#2678 = EDGE_LOOP('', (#2674, #2675, #2676, #2677));
#2679 = FACE_BOUND('', #2678, .T.);
#2680 = ADVANCED_FACE('', (#2679), #1918, .F.);
#2681 = ORIENTED_EDGE('', *, *, #1611, .T.);
#2682 = ORIENTED_EDGE('', *, *, #1616, .T.);
#2683 = ORIENTED_EDGE('', *, *, #1607, .F.);
#2684 = ORIENTED_EDGE('', *, *, #1612, .F.);
#2685 = EDGE_LOOP('', (#2681, #2682, #2683, #2684));
#2686 = FACE_BOUND('', #2685, .T.);
#2687 = ADVANCED_FACE('', (#2686), #1922, .F.);
#2688 = ORIENTED_EDGE('', *, *, #1619, .T.);
#2689 = ORIENTED_EDGE('', *, *, #1625, .T.);
#2690 = ORIENTED_EDGE('', *, *, #1618, .F.);
#2691 = ORIENTED_EDGE('', *, *, #1617, .F.);
#2692 = EDGE_LOOP('', (#2688, #2689, #2690, #2691));
#2693 = FACE_BOUND('', #2692, .T.);
#2694 = ADVANCED_FACE('', (#2693), #1926, .F.);
#2695 = ORIENTED_EDGE('', *, *, #1618, .T.);
#2696 = ORIENTED_EDGE('', *, *, #1626, .T.);
#2697 = ORIENTED_EDGE('', *, *, #1621, .F.);
#2698 = ORIENTED_EDGE('', *, *, #1620, .F.);
#2699 = EDGE_LOOP('', (#2695, #2696, #2697, #2698));
#2700 = FACE_BOUND('', #2699, .T.);
#2701 = ADVANCED_FACE('', (#2700), #1930, .F.);
#2702 = ORIENTED_EDGE('', *, *, #1621, .T.);
#2703 = ORIENTED_EDGE('', *, *, #1627, .T.);
#2704 = ORIENTED_EDGE('', *, *, #1623, .F.);
#2705 = ORIENTED_EDGE('', *, *, #1622, .F.);
#2706 = EDGE_LOOP('', (#2702, #2703, #2704, #2705));
#2707 = FACE_BOUND('', #2706, .T.);
#2708 = ADVANCED_FACE('', (#2707), #1934, .F.);
#2709 = ORIENTED_EDGE('', *, *, #1623, .T.);
#2710 = ORIENTED_EDGE('', *, *, #1628, .T.);
#2711 = ORIENTED_EDGE('', *, *, #1619, .F.);
#2712 = ORIENTED_EDGE('', *, *, #1624, .F.);
#2713 = EDGE_LOOP('', (#2709, #2710, #2711, #2712));
#2714 = FACE_BOUND('', #2713, .T.);
#2715 = ADVANCED_FACE('', (#2714), #1938, .F.);
#2716 = ORIENTED_EDGE('', *, *, #1636, .F.);
#2717 = ORIENTED_EDGE('', *, *, #1629, .F.);
#2718 = ORIENTED_EDGE('', *, *, #1630, .T.);
#2719 = ORIENTED_EDGE('', *, *, #1633, .T.);
#2720 = ORIENTED_EDGE('', *, *, #1638, .T.);
#2721 = ORIENTED_EDGE('', *, *, #1631, .F.);
#2722 = EDGE_LOOP('', (#2716, #2717, #2718, #2719, #2720, #2721));
#2723 = FACE_BOUND('', #2722, .T.);
#2724 = ADVANCED_FACE('', (#2723), #1943, .F.);
#2725 = ORIENTED_EDGE('', *, *, #1637, .F.);
#2726 = ORIENTED_EDGE('', *, *, #1634, .F.);
#2727 = ORIENTED_EDGE('', *, *, #1630, .F.);
#2728 = ORIENTED_EDGE('', *, *, #1635, .F.);
#2729 = ORIENTED_EDGE('', *, *, #1632, .F.);
#2730 = ORIENTED_EDGE('', *, *, #1631, .T.);
#2731 = EDGE_LOOP('', (#2725, #2726, #2727, #2728, #2729, #2730));
#2732 = FACE_BOUND('', #2731, .T.);
#2733 = ADVANCED_FACE('', (#2732), #1943, .F.);
#2734 = ORIENTED_EDGE('', *, *, #1646, .F.);
#2735 = ORIENTED_EDGE('', *, *, #1639, .F.);
#2736 = ORIENTED_EDGE('', *, *, #1640, .T.);
#2737 = ORIENTED_EDGE('', *, *, #1643, .T.);
#2738 = ORIENTED_EDGE('', *, *, #1648, .T.);
#2739 = ORIENTED_EDGE('', *, *, #1641, .F.);
#2740 = EDGE_LOOP('', (#2734, #2735, #2736, #2737, #2738, #2739));
#2741 = FACE_BOUND('', #2740, .T.);
#2742 = ADVANCED_FACE('', (#2741), #1948, .F.);
#2743 = ORIENTED_EDGE('', *, *, #1647, .F.);
#2744 = ORIENTED_EDGE('', *, *, #1644, .F.);
#2745 = ORIENTED_EDGE('', *, *, #1640, .F.);
#2746 = ORIENTED_EDGE('', *, *, #1645, .F.);
#2747 = ORIENTED_EDGE('', *, *, #1642, .F.);
#2748 = ORIENTED_EDGE('', *, *, #1641, .T.);
#2749 = EDGE_LOOP('', (#2743, #2744, #2745, #2746, #2747, #2748));
#2750 = FACE_BOUND('', #2749, .T.);
#2751 = ADVANCED_FACE('', (#2750), #1948, .F.);
#2752 = CLOSED_SHELL('', (#1955, #1968, #1975, #1982, #1989, #2002, #2009, #2022, #2029, #2036, #2079, #2086, #2093, #2100, #2107, #2118, #2126, #2134, #2145, #2153, #2161, #2172, #2180, #2188, #2199, #2207, #2215, #2223, #2228, #2236, #2244, #2249, #2257, #2265, #2270, #2278, #2286, #2291, #2299, #2307, #2312, #2320, #2325, #2333, #2341));
#2753 = CLOSED_SHELL('', (#2348, #2359, #2370, #2377, #2386, #2395));
#2754 = CLOSED_SHELL('', (#2402, #2413, #2424, #2431, #2440, #2449));
#2755 = CLOSED_SHELL('', (#2456, #2463, #2470, #2477, #2526, #2575, #2582, #2589, #2596, #2603, #2610, #2617, #2624, #2631, #2638, #2645, #2652, #2659, #2666, #2673, #2680, #2687, #2694, #2701, #2708, #2715, #2724, #2733, #2742, #2751));
#2756 = MANIFOLD_SOLID_BREP('', #2752);
#2757 = MANIFOLD_SOLID_BREP('', #2753);
#2758 = MANIFOLD_SOLID_BREP('', #2754);
#2759 = MANIFOLD_SOLID_BREP('', #2755);
#2760 = APPLICATION_CONTEXT('configuration controlled 3D design of mechanical parts and assemblies');
#2761 = PRODUCT_DEFINITION_CONTEXT('part definition', #2760, 'design');
#2762 = PRODUCT_CONTEXT('', #2760, 'mechanical');
#2763 = PRODUCT('UNIDENTIFIED_PRODUCT', '', $, (#2762));
#2764 = PRODUCT_DEFINITION_FORMATION('', $, #2763);
#2765 = PRODUCT_DEFINITION('design', $, #2764, #2761);
#2766 = PRODUCT_DEFINITION_SHAPE('', '', #2765);
#2767 = ADVANCED_BREP_SHAPE_REPRESENTATION('', (#2759), #4);
#2768 = SHAPE_DEFINITION_REPRESENTATION(#2766, #2767);
#2769 = COLOUR_RGB('', 0.89999998, 0.89999998, 0.89999998);
#2770 = FILL_AREA_STYLE_COLOUR('', #2769);
#2771 = FILL_AREA_STYLE('', (#2770));
#2772 = SURFACE_STYLE_FILL_AREA(#2771);
#2773 = SURFACE_SIDE_STYLE('', (#2772));
#2774 = SURFACE_STYLE_USAGE(.BOTH., #2773);
#2775 = PRESENTATION_STYLE_ASSIGNMENT((#2774));
#2776 = STYLED_ITEM('', (#2775), #2759);
#2777 = MECHANICAL_DESIGN_GEOMETRIC_PRESENTATION_REPRESENTATION('', (#2776), #4);
#2778 = PRODUCT_CONTEXT('', #2760, 'mechanical');
#2779 = PRODUCT('UNIDENTIFIED_PRODUCT', '', $, (#2778));
#2780 = PRODUCT_DEFINITION_FORMATION('', $, #2779);
#2781 = PRODUCT_DEFINITION('design', $, #2780, #2761);
#2782 = PRODUCT_DEFINITION_SHAPE('', '', #2781);
#2783 = ADVANCED_BREP_SHAPE_REPRESENTATION('', (#2758), #4);
#2784 = SHAPE_DEFINITION_REPRESENTATION(#2782, #2783);
#2785 = COLOUR_RGB('', 0.89999998, 0.89999998, 0.89999998);
#2786 = FILL_AREA_STYLE_COLOUR('', #2785);
#2787 = FILL_AREA_STYLE('', (#2786));
#2788 = SURFACE_STYLE_FILL_AREA(#2787);
#2789 = SURFACE_SIDE_STYLE('', (#2788));
#2790 = SURFACE_STYLE_USAGE(.BOTH., #2789);
#2791 = PRESENTATION_STYLE_ASSIGNMENT((#2790));
#2792 = STYLED_ITEM('', (#2791), #2758);
#2793 = MECHANICAL_DESIGN_GEOMETRIC_PRESENTATION_REPRESENTATION('', (#2792), #4);
#2794 = PRODUCT_CONTEXT('', #2760, 'mechanical');
#2795 = PRODUCT('UNIDENTIFIED_PRODUCT', '', $, (#2794));
#2796 = PRODUCT_DEFINITION_FORMATION('', $, #2795);
#2797 = PRODUCT_DEFINITION('design', $, #2796, #2761);
#2798 = PRODUCT_DEFINITION_SHAPE('', '', #2797);
#2799 = ADVANCED_BREP_SHAPE_REPRESENTATION('', (#2757), #4);
#2800 = SHAPE_DEFINITION_REPRESENTATION(#2798, #2799);
#2801 = COLOUR_RGB('', 0.89999998, 0.89999998, 0.89999998);
#2802 = FILL_AREA_STYLE_COLOUR('', #2801);
#2803 = FILL_AREA_STYLE('', (#2802));
#2804 = SURFACE_STYLE_FILL_AREA(#2803);
#2805 = SURFACE_SIDE_STYLE('', (#2804));
#2806 = SURFACE_STYLE_USAGE(.BOTH., #2805);
#2807 = PRESENTATION_STYLE_ASSIGNMENT((#2806));
#2808 = STYLED_ITEM('', (#2807), #2757);
#2809 = MECHANICAL_DESIGN_GEOMETRIC_PRESENTATION_REPRESENTATION('', (#2808), #4);
#2810 = PRODUCT_CONTEXT('', #2760, 'mechanical');
#2811 = PRODUCT('UNIDENTIFIED_PRODUCT', '', $, (#2810));
#2812 = PRODUCT_DEFINITION_FORMATION('', $, #2811);
#2813 = PRODUCT_DEFINITION('design', $, #2812, #2761);
#2814 = PRODUCT_DEFINITION_SHAPE('', '', #2813);
#2815 = ADVANCED_BREP_SHAPE_REPRESENTATION('', (#2756), #4);
#2816 = SHAPE_DEFINITION_REPRESENTATION(#2814, #2815);
#2817 = COLOUR_RGB('', 0.89999998, 0.89999998, 0.89999998);
#2818 = FILL_AREA_STYLE_COLOUR('', #2817);
#2819 = FILL_AREA_STYLE('', (#2818));
#2820 = SURFACE_STYLE_FILL_AREA(#2819);
#2821 = SURFACE_SIDE_STYLE('', (#2820));
#2822 = SURFACE_STYLE_USAGE(.BOTH., #2821);
#2823 = PRESENTATION_STYLE_ASSIGNMENT((#2822));
#2824 = STYLED_ITEM('', (#2823), #2756);
#2825 = MECHANICAL_DESIGN_GEOMETRIC_PRESENTATION_REPRESENTATION('', (#2824), #4);
ENDSEC;
END-ISO-10303-21;
